,,,,,st,,,,
,,,,,,p,,,
,,,,,,ch,ですが、残念ながら日本では<!--keyword-il-->みたいな18歳未満の<!--woman-y-->と<!--sex-->などをするのは違法です。,しかし、日本の法律では<!--keyword-il-->などの18歳未満の女の子と淫らな行為をすることは禁じられています。,しかし、我が国の法律では<!--keyword-il-->を含む18歳未満の女の子（児童）とセックスなど淫らな行為（淫行）をするのは違法で許されません。
,,,,,,ch,絶対にやってはいけません。,もしやってしまうと、児童ポルノ法や淫行条例違反で逮捕されることになります。,もし気の迷いでJKやJCなどの18歳未満の女の子とセックスしたりすると、警察に逮捕されます。
,,,,,,ch,また、本物の<!--keyword-il-->を装った美人局の場合もあるので非常に危険です。,nodata,
,,,,,,ch,ですから、もしも出会い系サイトで監視の目をくぐり抜けて利用している<!--keyword-il-->を見つけても、絶対にメールを送ったりしてはいけません。,ですから、万が一不正をして出会い系サイトを使っている<!--keyword-il-->を見つけても、メールしたりしないで逆に通報してください。,ですから、出会い系サイトを利用していて、年齢を偽って登録している<!--keyword-il-->を見つけたら、メールしないでサポートに通報しましょう。
,,,,,,ch,絶対に会ってセックスしようとしてはいけません。,セックスしようなんて考えないでください。,nodata
,,,,,,/p,,,
,,,,,,p,,,
,,,,,,ch,とはいえ、出会い系サイトを使えば「<!--keyword-h-->」女の子となら出会うことができます。,とはいえ、本物の<!--keyword-il-->ではなくて、合法な「<!--keyword-h-->女の子」であれば、出会い系サイトで出会ってセックスすることができます。,どうしても<!--keyword-il-->とセックスしたい方は、本物の<!--keyword-il-->ではなく18歳以上の「<!--keyword-h-->女の子」と出会い系で出会って制服セックスしましょう。
,,,,,,ch,高校を卒業した18歳以上の女の子であれば、出会おうがセックスしようが自由です。,nodata,
,,,,,,ch,出会い系にはいろいろなタイプの女の子がいるので、その中には高校を卒業したばかりの若い未成年の女の子もいます。,特に大手の出会い系サイトは女性利用者が多いので、高校を卒業したばかりの若い女の子から熟女まで、いろんな女性が登録しています。,大手の、ファッション誌などに広告を出している出会い系サイトには18歳から20歳までの若い女の子が多いです。
,,,,,,ch,当然、中学や高校の制服を持っている<!--keyword-h-->もいるでしょう。,出会い系サイトの掲示板やプロフィールの写真を見ると、<!--keyword-h-->若い見た目の女の子もたくさん見つかります。,その中には、一見<!--keyword-il-->にしか見えない女の子もいます。
,,,,,,ch,そういう<!--keyword-h-->合法の女の子であれば、問題なく出会ってセックスすることができます。,その中から、自分が求める<!--keyword-h-->外見の女の子を見つけて、出会えばいいんです。,そういう<!--keyword-h-->見た目の女の子を狙って出会って、セックスすればいいんです。
,,,,,,ch,若くて<!--keyword-h-->見た目の女の子と制服セックスすれば、<!--keyword-il-->とセックスする気分は十分味わえます。,nodata,18歳未満の本物の<!--keyword-il-->も、18歳の<!--keyword-h-->かわいい女の子も、セックスの気持ち良さは変わりません。
,,,,,,/p,,,
,,,,,,p,,,
,,,,,,ch,ということで、この記事では<!--keyword-h-->女の子と出会い系サイトで出会ってセックスする方法について説明していきます。,ということで、この記事では<!--keyword-il-->と出会ってセックスする方法ではなく、<!--keyword-h-->女の子と出会ってセックスする方法をご紹介します。,以下では、本物の<!--keyword-il-->ではなく、合法な<!--keyword-h-->女の子と確実に出会える方法をご紹介します。
,,,,,,/p,,,
,,,,,/st,,,,
,,,,,st,,,,
,,,,,,p,,,
,,,,,,ch,大事なことなので、最後にもう一回言っておきます。,最初の方で書きましたが、念のためもう一度書いておきます。,最後にもう一度釘を刺しておきます。
,,,,,,ch,<!--keyword-il-->と出会いたい方もいるかもしれませんが、18歳未満の児童とエッチなことをするのは違法です。,<!--keyword-il-->と出会いたくてこのページにたどり着いた男性も多いと思いますが、<!--keyword-il-->とセックスすると警察に逮捕されます。,"「<!--keyword-il--> セックス」などでgoogle検索してこの記事を読んでいる方もいると思いますが、本物の<!--keyword-il-->とセックスするのは違法です。
"
,,,,,,ch,絶対に<!--keyword-il-->とはセックスしないようにしてください。,ですから、決して本物の<!--keyword-il-->を見つけても手を出してはいけません。,
,,,,,,ch,これは必ず厳守してください。,nodata,
,,,,,,ch,その代わり、18歳以上の<!--keyword-h-->合法の女の子と出会い系で出会って、セックスを楽しんでください。,本物ではなく18歳以上の<!--keyword-h-->若い女の子と出会ってセックスして、安全にセックスを楽しんでください。,それよりも、<!--keyword-h-->18歳以上の女の子と出会って、安心してセックスを楽しみましょう。
,,,,,,/p,,,
,,,,,/st,,,,