,,,st,,,,,,,,
,,,,,title,<!--keyword-l-->を<!--how-to-sefure-->とおすすめ出会い系サイト,出会い系サイトで<!--keyword-l-->を確実に<!--how-to-sefure-->,<!--keyword-l-->と出会って効率的に<!--how-to-sefure-->,<!--keyword-h-->と出会える出会い系サイトと<!--sefure-->する簡単な方法,出会い系サイトで<!--keyword-adj--><!--sefure-->を誰でも作れる攻略法,<!--keyword-adj--><!--sefure-->を作るための誰でもできる３つの<!--lw-step-word-->
,,,,,dis,<!--keyword-adj--><!--woman--><!--be-sefure-->ための一番確実は方法をご存知ですか？それは、出会い系サイトを使った<!--sefure-->の募集方法です。この記事では出会い系サイトの掲示板などで<!--keyword-adj--><!--woman-->と出会ってセックスして<!--how-to-sefure-->をお教えします。,<!--keyword-adj--><!--woman-->を<!--sefure-->にしてセックスを楽しむには、出会い系サイトの掲示板やプロフィールを使うのがベスト！この記事では出会い系サイトで<!--keyword-adj--><!--sefure-->を作るためのテクニックとおすすめ掲示板をご紹介します。,出会い系サイトを利用すれば、<!--keyword-adj--><!--woman--><!--be-sefure-->のも比較的簡単です。この記事では出会い系サイトで<!--keyword-l-->と出会ってセックスして、<!--be-sefure-a-->一連の流れと成功するための具体的なテクニックをご紹介しています。,<!--keyword-adj--><!--woman-->とセックスして<!--want-to-be-sefure-->なら、出会い系サイトで出会うのが最善の近道です。出会い系歴10年以上の私ゴーヤンが、経験から編み出した最強の<!--keyword-adj--><!--sefure-->攻略法を詳しく、具体的にお教えします。,,
,,,,,p,,,,,,
,,,,,ch,「<!--keyword-l-->の<!--want-sefure-->」,「<!--keyword-adj--><!--sefure-->を作って、セックスしまくりたい」,「<!--keyword-l-->と出会い系サイトで出会って<!--want-to-be-sefure-->」,「<!--keyword-l--><!--want-to-be-sefure-a-->けど、どうやったらいいかわからない」,「<AV女優>や<AV女優>みたいなエロい<!--keyword-h-->を<!--sefure-->にしてたくさんセックスしたい」,「<女優>や<女優>みたいな美人の<!--want-sefure-->」
,,,,,ch,そう考えて「<!--keyword-h--> <!--sefure-->」でgoogle検索してこの記事にたどり着いた方はいませんか？,そんな気持ちでググってみてこの記事にたどり着いた方も多いかもしれませんね。,そう思って、ネットで検索していてこの記事を発見した方、正解です！,そんな欲望や疑問に突き動かされてこの記事を見つけた方、いますよね？,,
,,,,,/p,,,,,,
,,,,,p,,,,,,
,,,,,ch,私は26歳まで彼女もいたことがなくて童貞でした。,私は26歳くらいまで彼女いない歴＝年齢の童貞で、魔法使いになることも半ば覚悟していました。,恥ずかしながら、私は26歳まで全くモテず、童貞で彼女がいたこともありませんでした。,正直に言うと、私は26歳まで童貞で、<!--keyword-adj--><!--woman-->どころか、女性とまともに話すことさえできませんでした。,,
,,,,,ch,しかし、出会い系サイトを利用するようになってすぐに童貞を卒業しました。,しかし、その頃急速に発達してきたネットでの出会い、出会い系サイトを使うようになって、出会い系で童貞を卒業できました,そんな時に出会い系サイトに出会い、研究を重ねることで素人女性と出会えるようになり、無事童貞を捨てることに成功しました。,そんな私でしたが、ある日ネット散策中に出会い系サイトと出会い、研鑽の結果童貞を初体験をすることができました。,,
,,,,,ch,さらにそこからの10年間で20人以上の<!--make-sefure-->ことができました。,そして、そこからは出会い系サイトの出会いにハマってしまい、現在までで２桁の<!--sefure-->を作り、５０人以上の女性とセックスを重ねてきました。,そこからは、出会い系サイトを駆使して、<!--sefure-->や単発の出会いなど、数多くの女性とセックスをしてきました。,それからは、病気をもらったりなどの失敗はありつつも、<!--sefure-->などいろいろな女性との出会いを経験しました。,,
,,,,,ch,その過去の<!--sefure-->の中には、<!--keyword-adj--><!--woman-->ももちろんいました。,その出会い系で出会ってセックスした女性の中には、<!--keyword-h-->も結構多かったです。,nodata,,,
,,,,,/p,,,,,,
,,,,,p,,,,,,
,,,,,ch,ちなみに、今現在付き合っている（？）<!--sefure-->は４人ですが、こんな感じのメンバーです。,現在も何人か<!--sefure-->がいますが、こんな感じの<!--sefure-->さん達とセックスを楽しんでいます。,ちなみに、今よく会っているのは以下のような女性達です。,参考までに、私が現在進行形で交際している<!--sefure-->は以下のような女性の皆さんです。,,
,,,,,ch,私はいろんなタイプの女性が好きなので、バリエーションに富んでいると思います。,出会い系サイトでは、<!--keyword-adj--><!--woman-->の他にもこんな感じでいろいろなタイプの女性<!--become-sefure-a-->んです。,nodata,,,
,,,,,ch,※プライバシーのこともあるので、個人を特定できるような情報は載せていません。,nodata,※プライバシー保護のため、ざっくりした内容の<!--sefure-->紹介ですが。,,,
,,,,,/p,,,,,,
,,,,,ul,,,,,,
,,,,sh,,,,,,,
,,,,,ch,<li>２０代後半の人妻女教師。,<li>２０代後半のアラサー現役高校教師。,<li>AVでお馴染みの属性、人妻女教師の<!--sefure-->。,<li>強引にされるのが好きな２０代後半の高校の英語教師。,,
,,,,,ch,スレンダーだけどドMでエロいです。</li>,人妻なのにエロいミニスカでホテルにやってきて着衣プレイを楽しんでます。</li>,２０代後半だけど、スレンダーでかなり若く見えます。</li>,既婚者なのに、私以外にも<!--sefure-->がいるようです。</li>,,
,,,,,ch,<li>３０代前半のムチムチ系女子。,<li>アラサーのショップ店員の女の子。,<li>ムチムチしたエロい身体のアラサー女子。,<li>ドMな変態の３０代前半の<!--sefure-->。,,
,,,,,ch,淡白な印象だけど、気分が乗るとアナルをいじってとおねだりしてくる。</li>,一見性欲が強くなさそうなのに、ベッドでは変態プレイまでやってくれます。</li>,かなりの巨乳で、フェラも上手くてお気に入りの<!--sefure-->です。</li>,グラマーな巨乳で抱き心地抜群です。</li>,,
,,,,,ch,<li>３０代後半の人妻。,<li>アラフォーのセクシーな人妻<!--sefure-->。,<li>もうすぐ40歳の落ち着いた人妻さん。,<li>アラフォーだけど現役で性欲旺盛な人妻。,,
,,,,,ch,他にも<!--sefure-->がいるけど、それだけでは満たされず私とも<!--sefure-relation-->継続中。</li>,かなり性欲が強くて、騎乗位で何回もいきます。</li>,旦那さん以外にも彼氏がいて、さらに私を<!--sefure-->にしてセックスライフを謳歌しています。</li>,会ってセックスするのも好きだけど、メールや電話での羞恥プレイでも興奮する変態です。</li>,,
,,,,,ch,<li>２０代前半の現役看護師。,<li>２０代半ばの若い女の子の<!--sefure-->。,<li>２０代前半のロリ顔の新人ナース。,<li>大きくないけど美乳な２０代前半の女性看護師。,,
,,,,,ch,会う頻度は少なめで、会った時はセックスも会話もかなり長め。</li>,まだ経験人数が少ないですが、セックスには積極的です。</li>,処女喪失の１ヶ月後に出会ったので、まだまだ初々しい女の子です。</li>,忙しくてなかなか会えないけど、会った時には色々なプレイをじっくり楽しんでます。</li>,,
,,,,/sh,,,,,,,
,,,,,/ul,,,,,,
,,,,,p,,,,,,
,,,,,ch,どの<!--sefure-->とも順調ですが、現時点ではこれで満腹な感じです。,なかなか会えない<!--sefure-->もいますが、無理なく関係を続けられています。,４人もいると、なかなか忙しくて、もうこれ以上は増やせないですね。,あまり連絡を取ってない<!--sefure-->もいますが、なんだかんだで上手く続いています。,,
,,,,,ch,たまに出会い系サイトで物色しますが、積極的には増やそうとは思ってないです。,これ以上増やすのは考えてないですが、たまにサイトを覗くこともあります。,nodata,,,
,,,,,/p,,,,,,
,,,/st,,,,,,,,
,,,ch,,,,,,,,
,,,,,,nodata,,,,,
,,,,st,,,,,,,
,,,,,p,,,,,,
,,,,,ch,これは<!--sefure-->あるあるですが、<!--can-make-sefure-->と最初は頻繁に会ってやりまくるのですが、ある程度やり慣れてくるとそんなにやりたくなくなります。,<!--sefure-->がいる人には分かる<!--sefure-->あるあるですが、<!--sefure-->もできてしまうとそのうちセックスに飽きてきます。,出会い系で出会ってセックスしたばかりとか、<!--sefure-->になったばかりの時は暇ができれば会ってセックスしますが、落ち着いてくるとセックスも会う回数も自然に減っていきます。,,,
,,,,,ch,切りはしないけど、そんなに会わなくなる<!--sefure-->が出てくるんです。,しかし、セックスしたくないわけじゃないので、頻度を減らしつつ<!--sefure-relation-->は続きます。,どうしても新鮮味がなくなりますからね。,,,
,,,,,ch,もちろん、お気に入りの<!--sefure-->はその限りではないですが。,まあ、セックスの相性がいい<!--sefure-->とはやりまくりますけど。,nodata,,,
,,,,,/p,,,,,,
,,,,/st,,,,,,,
,,,/ch,,,,,,,,
,,,st,,,,,,,,
,,,,,p,,,,,,
,,,,,ch,この記事を読んでいるのは、<!--keyword-adj--><!--woman--><!--want-to-be-sefure-a-->男性だと思います。,現在この記事を読んでいるあなたは、<!--keyword-adj--><!--woman-->とセックスしたい、あるいは<!--want-to-be-sefure-->ということですよね？,今あなたは<!--keyword-adj--><!--sefure-->を作ってセックスしたくてこの記事を読んでいると思います。,<!--keyword-adj--><!--sefure-->が欲しいんですよね？,,
,,,,,ch,<!--keyword-adj--><!--woman-->は、<!--charm-p-->だから魅力的ですよね。,<!--charm-p-->ですから、<!--keyword-adj--><!--woman--><!--want-to-be-sefure-a-->男性は非常に多いと思います。,<!--charm-p-->ですし、<!--keyword-adj--><!--woman--><!--want-to-be-sefure-a-->という気持ちは、私も痛いくらいよく分かります。,<!--charm-p-->ですから、<!--keyword-adj--><!--woman-->は男性からかなり人気があります。,,
,,,,,ch,私も、ぶっちゃけ<!--keyword-adj--><!--woman-->は大好きです。,<!--keyword-adj--><!--woman-->は、やっぱりいいですよね。,nodata,nodata,,
,,,,,ch,実際、<!--keyword-h-->は<!--reason-->なので、実は意外に簡単に<!--be-sefure-a-->ことができるんです。,<!--keyword-adj--><!--woman-->は、<!--reason-->ですから実は<!--easy-sefure-->んですよね。,実は、<!--keyword-adj--><!--woman-->は<!--reason-->なので<!--easy-sefure-->んです。,<!--keyword-l-->は<!--reason-->だから、<!--sefure-->にしやすくてオススメです。,,
,,,,,/p,,,,,,
,,,,,p,,,,,,
,,,,,ch,ということで、<!--keyword-adj--><!--sefure-->が欲しいあなたに、私が長年の出会い系活動で編み出した「<!--how-to-sefure-->」をご紹介します。,ということで、こんな感じで<!--sefure-->ライフを楽しんでいる私ゴーヤンが、<!--want-sefure-->あなたのために、<!--keyword-l--><!--how-to-sefure-a-->をお教えします。,そんな私ゴーヤンが長い出会い系生活で身に付けた「<!--how-to-sefure-->」をこれから詳しくご紹介します。,この<!--making-sefure-->の実績から導き出した<!--keyword-h-->に使える「<!--how-to-sefure-->」をお教えします。,,
,,,,,ch,誰でもできる攻略法なので、<!--actor-->や<!--actor-->みたいなイケメンじゃなくても、簡単に<!--keyword-adj--><!--sefure-->を作ることができます。,この<!--how-to-sefure-->なら、<!--actor-->や<!--actor-->のようなイケメンじゃない男性でも確実に<!--make-sefure-->ことができます。,ここでご紹介するやり方でがんばれば、<!--actor-->や<!--actor-->みたいなイケメンじゃなくても間違いなく<!--keyword-adj--><!--woman--><!--be-sefure-->ことができます。,nodata,,
,,,,,ch,この<!--how-to-sefure-->は<!--keyword-adj--><!--woman--><!--be-sefure-->場合にもそれ以外の女性にも非常に有効ですから、ぜひ参考にしてみてください。,nodata,<!--keyword-adj--><!--woman-->以外にも、<!--link-word-->や<!--link-word--><!--be-sefure-->場合にももちろん使えるやり方です。,,,
,,,,,/p,,,,,,
,,,,,,,,,,,
,,,,,h2,<!--keyword-adj--><!--sefure-->を作るための3つの<!--lw-step-word-->,<!--keyword-l--><!--be-sefure-->ための３つの<!--lw-step-word-->,<!--keyword-l--><!--be-sefure-->ための簡単３<!--lw-step-word-->,たった３<!--lw-step-word-->の<!--keyword-adj--><!--sefure-->の作り方,,
,,,,,p,,,,,,
,,,,,ch,<!--keyword-adj--><!--woman-->に限らず、女性<!--be-sefure-->ためには当然コツがあります。,<!--keyword-adj--><!--woman-->も含めて、男性が出会い系サイトで<!--make-sefure-->にはいくつかポイントがあります。,男性が<!--keyword-adj--><!--woman--><!--be-sefure-->ためのやり方には重要なポイントがあります。,出会い系サイトで<!--keyword-adj--><!--sefure-->を作るには、守らなくてはならない大事な攻略ポイントが存在します。,,
,,,,,ch,<!--make-sefure-->ためのコツを３つの<!--lw-step-word-->にまとめました。,<!--how-to-sefure-->の要点は、簡単にいうと３つあります。,男性が<!--make-sefure-->場合のポイントは３つです。,この３つの<!--lw-step-word-->をしっかり理解して実行してください。,,
,,,,,/p,,,,,,
,,,,,ch,<ul><!--s-heading-1-list--></ul>,,,,,
,,,,,p,,,,,,
,,,,,ch,この3つの<!--lw-step-word-->を繰り返せば<!--sefure-->は何人でも作ることができます。,以上の３つの<!--lw-step-word-->をこなせば、何人でも<!--keyword-adj--><!--sefure-->を作ることが可能です。,出会い系で<!--make-sefure-->には、この３つの<!--lw-step-word-->を順番にクリアしていけばどんな男性でも大丈夫です。,この３つの<!--lw-step-word-->を確実に実行すれば、誰でも<!--make-sefure-->ことができます。,以下の３つの<!--lw-step-word-->を正しく実行すれば、どんな男性でも<!--keyword-adj--><!--woman-->を<!--sefure-->にできます。,
,,,,,ch,あなたもこの<!--make-sefure-->３つの<!--lw-step-word-->を頭に入れて、繰り返すことで<!--keyword-adj--><!--sefure-->ができる可能性が大きく高まります。,<!--keyword-adj--><!--sefure-->を作るためには必然的にこの流れになるので、自然に身についていきます。,nodata,,,
,,,,,/p,,,,,,
,,,,,p,,,,,,
,,,,,ch,では、いよいよ<!--keyword-l-->の<!--make-sefure-->ための３つの<!--lw-step-word-->を詳しく説明してきます。,続いて、この<!--how-to-sefure-->の３つの<!--lw-step-word-->について、順番に解説をしていきます。,ということで、ここからは<!--keyword-adj--><!--sefure-->を作るための３つの<!--lw-step-word-->をひとつひとつ詳しく説明していきます。,さて、次は<!--how-to-sefure-->の重要な３つの<!--lw-step-word-->についてお話しします。,,
,,,,,ch,3分もあれば全部読めるので、がんばって最後まで読んでみてください。,大事なポイントに絞って説明しているので、そんなに長くはなりません。,簡単に読めるように大事なところだけ説明しているので、すぐ読めると思います。,必要なことだけを簡潔に説明しているので、簡単に読めると思います。,,
,,,,,ch,最初から読むのが面倒だという方は、特に気になるところからクリックして、そこから読み始めてもOKです。,自分が<!--keyword-h-->の<!--make-sefure-->のに必要なとこだけ読みたいという方は、リンクをクリックして必要なところだけ読んでみてください。,nodata,,,
,,,,,/p,,,,,,
,,,,,ch,<ul><!--s-heading-1-list--></ul>,,,,,
,,,,,h2,<!--lw-step-1st--> <!--keyword-adj--><!--sefure-->候補との出会いを増やす<!--s-heading-1-->,<!--lw-step-1st--> <!--keyword-l-->との出会いを増やそう<!--s-heading-1-->,<!--lw-step-1st--> <!--keyword-adj--><!--sefure-->候補との出会いを増やす<!--s-heading-1-->,<!--lw-step-1st--> <!--keyword-adj--><!--woman-->とたくさん出会える出会いの場を利用する<!--s-heading-1-->,,
,,,,,p,,,,,,
,,,,,ch,<!--keyword-l--><!--how-to-sefure-a-->では上記の3つの<!--lw-step-word-->がありますが、その中でも私が一番重要だと考えているのはこの<!--lw-step-1st-->です。,私個人としては、<!--keyword-adj--><!--woman--><!--be-sefure-->上で最も大事ばポイントとなるのはこの出会いを増やす<!--lw-step-word-->だと考えています。,<!--keyword-adj--><!--woman-->に限らず、<!--make-sefure-->際に一番大事なのは、この出会いを増やす<!--lw-step-1st-->です。,<!--making-sefure-->をするにあたって、<!--keyword-adj--><!--sefure-->を作れるかどうかを左右するのは、この一番最初の<!--lw-step-word-->です。,,
,,,,,ch,ここは<!--making-sefure-->ではかなり大事だと思います。,nodata,ここは<!--making-sefure-->に限らず、彼女作りでもセックス目的の出会いでも重要です。,これは間違いありません。,nodata,
,,,,,/p,,,,,,
,,,,,p,,,,,,
,,,,,ch,というのも、<!--keyword-adj--><!--sefure-->を作るための３つの<!--lw-step-word-->の中で、一番簡単に実践できて成功率を上げられるのがこの<!--lw-step-1st-->だからです。,というのも、<!--keyword-adj--><!--sefure-->を作る上で個人の努力で一番改善できるのは、出会いのチャンスを増やすここの<!--lw-step-word-->ですから。,それは、この出会いのチャンスを増やすという<!--lw-step-word-->が、誰でも簡単にできてしかも一番効果的に<!--can-make-sefure-->確率を上げられる部分だからです。,なぜなら、<!--keyword-adj--><!--sefure-->を作るのに一番役立つのは、この出会いのチャンスを増やす<!--lw-step-word-->ですから。,,
,,,,,/p,,,,,,
,,,/st,,,,,,,,
,,,ch,,,,,,,,
,,,,st,,,,,,,
,,,,,p,,,,,,
,,,,,ch,その根拠を簡単にいうと、「<!--keyword-adj--><!--woman-->と出会わなくては、<!--keyword-adj--><!--sefure-->を作ることはできない」ということです。,この<!--lw-step-word-->が大事な根拠を一言で言うと、「まず出会いたい女性がいないと、いくらテクニックがあっても<!--make-sefure-->ことは不可能」だからです。,というのも、<!--keyword-adj--><!--woman-->との出会いのチャンスを増やすことで、<!--become-sefure-->女性の分母が増えて、<!--can-make-sefure-->可能性が増えるからです。,,,
,,,,,ch,そもそも<!--sefure-candidate-a-->女性と出会わなければ、セックスもできないし、<!--sefure-->にもできません。,出会いたい<!--keyword-adj--><!--woman-->がいてこそ、<!--be-sefure-a-->テクニックが活きてくるんです。,出会いのチャンスが増えれば、それだけ出会える<!--keyword-adj--><!--sefure-->の数も増えるということですね。,,,
,,,,,,ごくシンプルなことですよね。,これは理解しやすいと思います。,nodata,,,
,,,,,/p,,,,,,
,,,,/st,,,,,,,
,,,,st,,,,,,,
,,,,,p,,,,,,
,,,,,ch,その根拠を説明します。,その説明をしていきます。,なぜチャンスを増やすのが１番のポイントなのか。,,,
,,,,,ch,少し込み入った話になるので、面倒な方は飛ばしてください。,nodata,とりあえずやり方だけ知りたい方は<a href=#<!--keyword-h-->に出会える出会いの場#>こちら</a>に飛んでください。,,,
,,,,,/p,,,,,,
,,,,,p,,,,,,
,,,,,ch,簡単に説明すると、<!--keyword-adj--><!--sefure-->に限らず、<!--can-make-sefure-->確率は、３つの<!--lw-step-word-->のそれぞれの成功率を掛けたものになります。,私のご紹介する<!--keyword-adj--><!--sefure-->の作り方だと、<!--can-make-sefure-->確率は３つの<!--lw-step-word-->のそれぞれの成功率を掛けた合計になります。,私の<!--how-to-sefure-->では、それそれの<!--lw-step-word-->の成功率を掛けた答えが、<!--can-make-sefure-->成功確率になります。,,,
,,,,,ch,<!--keyword-adj--><!--sefure-->を作れる確率 = 出会う女性の数 × 実際に会える確率 × セックスして<!--become-sefure-->確率,<!--can-make-sefure-->確率 = 出会った<!--keyword-adj--><!--woman-->の数 × 実際にデートした女性の数 × セックスして満足させた女性の数,<!--making-sefure-->の成功率 = 女性との出会いの数 × 実際に会えた数 × セックスできた数,,,
,,,,,ch,ということですね。,ですね。,なんです。,,,
,,,,,/p,,,,,,
,,,,,p,,,,,,
,,,,,ch,このうち、実際に会える確率とセックスして<!--become-sefure-->確率を上げるには場数をこなして慣れないといけませんし、運の要素も絡んできます。,３つある<!--lw-step-word-->のうちで、２番目と３番目の<!--lw-step-word-->は、経験値を積んでいくと成功率は上がっていきますが、そう簡単には上がりません。,私の<!--how-to-sefure-->の中で、２つ目と３つ目の<!--lw-step-word-->は、成功率を上げるのに少し時間がかかります。,,,
,,,,,ch,ルックスなど、個人の素養も関係してきます。,それに、外見やセンスなどにも左右されます。,また、個人差があってなかなか成功率を上げられない場合もあります。,,,
,,,,,ch,ですが、出会う女性の数は、手数を増やしさえすれば誰でも簡単に、しかも確実に増やすことができます。,しかし、出会いのチャンスを増やすことについては、誰でも努力で大きく増やすことができます。,しかし、出会いのチャンスを増やすことは、少しがんばればどんな男性でも簡単にできます。,,,
,,,,,/p,,,,,,
,,,,,p,,,,,,
,,,,,ch,例を使って考えてみましょう。,実際に例を挙げて考えるとわかりやすいと思います。,nodata,,,
,,,,,ch,例えば、女性経験が少なくてメールも苦手、セックスもあまり上手くないという男性がいて、実際に会える確率が25%、セックスして<!--become-sefure-->確率が20%とかなり低かったとします。,もしも、女性慣れしていない童貞の男性がいたとして、メールから会える確率が25%、セックスできる確率が20%と低かったとします。,例えば、出会い系サイト初心者で、メールのやり取りを始めてから実際にデートできる割合が2割5分、セックスして<!--sefure-relation-->になれる割合が2割の男性がいたとします。,,,
,,,,,ch,その男性が一つの出会い系サイトだけ利用してそこで10人の女性に声をかけた（メールを送った）とします。,その男性が出会いのチャンスを出会い系サイトで探して、10人の<!--keyword-adj--><!--woman-->にメールでアプローチしたとします。,この男性が10人の<!--keyword-adj--><!--woman-->を出会い系サイトで見つけて、ファーストメールを送ったとします。,,,
,,,,,ch,その場合、期待値は 10 × 0.25 × 0.2 = 0.5 となり、一人の<!--can-make-sefure-->かどうかも微妙なラインです。,そうすると、 10 × 0.25 × 0.2 = 0.5 なので、<!--can-make-sefure-->期待値は1人にも満たない数字になります。,この場合、確率通りに成功したとしても、 10 × 0.25 × 0.2 = 0.5 で1人の<!--sefure-->もできない計算になります。,,,
,,,,,ch,その場合、<!--make-sefure-->のは難しいです。,nodata,nodata,,,
,,,,,/p,,,,,,
,,,,,p,,,,,,
,,,,,ch,しかし、その男性が複数の出会い系サイトを利用して、しかもかなり頑張ってメールを送りまくって、100人の女性にファーストメールを送ってみたとします。,しかし、出会いのチャンスを増やす重要性を理解していて、たくさんの出会い系サイトに登録して、１００人の<!--keyword-adj--><!--woman-->にアプローチのメールを送ったとしたらどうでしょう？,それに対して、がんばって出会いのチャンスを増やして、<!--keyword-adj--><!--woman-->を１００人見つけてとりあえずメールでアプローチしてみた場合はどうなると思いますか？,,,
,,,,,ch,すると、 100 × 0.25 × 0.2 = 5 になって5人の<!--keyword-adj--><!--sefure-->を作れることになります。,今回は、出会いのチャンスが１０倍になり、<!--ya#1#計算#数式#ya-->の答えも 100 × 0.25 × 0.2 = 5 になるので、5人の<!--make-sefure-->ことができます。,この場合、１０倍になるので、答えも１０倍の５人になって、５人<!--can-make-sefure-->ことになります。,,,
,,,,,ch,私の現在の<!--sefure-->の人数より多い、５人です。,nodata,nodata,,,
,,,,,ch,つまり、分母が増えて成果の数字が増えるんです。,元の数字が大きくなれば、掛ける割合が低くても、結果の数字は大きくなるんです。,分母が増えれば、当然<!--can-make-sefure-->期待値も上がるんです。,,,
,,,,,ch,よく考えなくても、当然の結果ですよね。,nodata,nodata,,,
,,,,,/p,,,,,,
,,,,,p,,,,,,
,,,,,ch,しかも、100人の女性に声をかけるということは、その女性たちとのやり取りの中でメールのやり取りの技術も上がります。,こうやって100人の女性にメールを送ってやり取りすると、出会い系のメールでの会話のテクニックも向上します。,そして、100人の女性とメールのやり取りをしていれば、当然メールでの会話の技術も上がって、より高確率でデートすることができるようになります。,,,
,,,,,ch,何人もの女性とセックスするのでセックスの技術も向上します。,100人の<!--keyword-adj--><!--woman-->と出会う中では、その中の何人かの女性とはセックスができるので、セックスも上手くなって、女性を満足させることもできるようになります。,その出会った女性のうちの10人以上の女性とセックスもできるはずなので、セックスも上達します。,,,
,,,,,ch,さらに、同時進行で何人かの女性と並行して付き合うことになるので、「もしこの女性とうまくいかなくても、他の女性がいるから大丈夫」と考えるようになるので、心に余裕が出てきます。,しかも、たくさんの女性とメールでやり取りする際には、複数の女性を同時にやり取りして、二股や三股当たり前の状態なので、気持ちに余裕が出てきます。,さらに、<!--keyword-adj--><!--sefure-->を探す過程で、複数人の女性と並行してやり取りすることになって、女性を見る目に落ち着いた余裕ができます。,,,
,,,,,ch,ガッついた余裕のない男性はモテないですが、それに対して気持ちに余裕がある男性はモテます。,その気持ちの余裕で、通常よりもモテるようになります。,すると、余裕ができるとそれまでよりもモテるようになるんです。,,,
,,,,,ch,その余裕で、「会える確率」や「<!--become-sefure-->確率」も上がります。,その気持ちのゆとりがメールや態度に現れるので、メールからデートできる率やセックスできる率も上がります。,それで、気持ち的にも、出会う技術的にも大きく上がるんです。,,,
,,,,,ch,相乗効果ですね。,相乗効果で<!--sefure-->にモテるようになっていきます。,nodata,,,
,,,,,ch,モテ期的な体験もできると思います。,複数の女性と付き合うモテキも経験できます。,nodata,nodata,,
,,,,,/p,,,,,,
,,,,,p,,,,,,
,,,,,ch,さらに、出会った女性の中からより<!--keyword-adj--><!--woman-->を選んで<!--be-sefure-a-->ことができるので、自分の理想の<!--keyword-h--><!--become-sefure-a-->可能性も高くなります。,また、たくさんの女性と出会いのチャンスがあれば、その中から自分のタイプに会う<!--keyword-adj--><!--woman-->を選んで<!--sefure-->にできます。,また、出会う女性が置ければ多いほど、より魅力的な<!--keyword-h-->に出会って<!--become-sefure-->確率も上がります。,,,
,,,,,ch,いいことばかりですね。,出会いのチャンスを増やすと、すべてがうまくいくんです。,nodata,,,
,,,,,/p,,,,,,
,,,,,p,,,,,,
,,,,,ch,ということで、<!--keyword-adj--><!--sefure-->を作るためには、まずは出会う<!--keyword-adj--><!--woman-->の数を増やすことが何よりも大切なんです。,ということで、<!--keyword-adj--><!--sefure-->を作りたいなら出会いのチャンスを増やすのが一番だということは理解していただけたと思います。,以上から、努力して出会いのチャンスを増やしさえすれば、<!--can-make-sefure-->確率や作れる<!--sefure-->に人数が増えるということがわかったと思います。,,,
,,,,,/p,,,,,,
,,,,,p,,,,,,
,,,,,ch,もっと簡単にいうなら、「<!--keyword-adj--><!--woman-->と出会わないことには、<!--keyword-adj--><!--sefure-->なんて作れない」ということです。,シンプルにいうと、出会いのチャンスがなければ、<!--keyword-adj--><!--sefure-->どころか女性とは出会えないということですよね。,一言で言うと、出会いのチャンスをがんばって増やせば必ず<!--keyword-adj--><!--sefure-->ができる、ということです。,,,
,,,,,ch,出会わなければ、セックスもできないし、<!--sefure-->にもできません。,とても簡単な話です。,nodata,,,
,,,,,/p,,,,,,
,,,,/st,,,,,,,
,,,/ch,,,,,,,,
,,,st,,,,,,,,
,,,,,p,,,,,,
,,,,,ch,それでは、続いて<!--keyword-adj--><!--sefure-->との出会いの場をご紹介します。,さて、いよいよ<!--keyword-adj--><!--sefure-->を作るための出会いのチャンスを増やす具体的なやり方をお話しします。,では、どこで探せばたくさんの<!--keyword-l-->との出会いを探せるのでしょうか。,次は、たくさんの<!--keyword-h-->と出会えるチャンスいっぱいの出会いの場をご紹介します。,,
,,,,,/p,,,,,,
,,,,,h3,<!--keyword-adj--><!--sefure-->との出会いの場,<!--keyword-l-->と出会いやすい出会いの場とは？,<!--sefure-->が作りやすい出会いの場はここ！,<!--keyword-adj--><!--sefure-->を作るなら出会い系サイトで出会いを探せ,,
,,,,,p,,,,,,
,,,,,ch,<!--keyword-adj--><!--sefure-->を作るためには、できるだけたくさんの女性、それも<!--keyword-adj--><!--woman-->との出会いのチャンスと作る必要があります。,<!--keyword-adj--><!--woman-->に限らず、<!--make-sefure-->ためにはできるだけ出会いの数を増やさないといけません。,たくさんの女性と出会えば出会うほど、<!--keyword-adj--><!--woman--><!--become-sefure-a-->確率は上がります。,上で説明したように、出会いのチャンスがたくさんあれば、それだけ<!--keyword-adj--><!--woman-->と<!--sefure-relation-->になれる可能性と、<!--become-sefure-->人数が増えていきます。,,
,,,,,ch,と言っても、手当たり次第にその辺を歩いている<!--keyword-adj--><!--woman-->に声をかける、ということをしても<!--sefure-->にはできません。,しかし、道端で<!--keyword-adj--><!--woman-->に片っ端から声を掛ける、みたいな方法では<!--make-sefure-->ことはできません。,だからといって、ナンパで目にした女性全員に声をかけて<!--keyword-adj--><!--woman-->と出会うというのも、かなり難しいです。,しかし、ストリートナンパなどでたくさんの女性に声をかけても、<!--be-sefure-a-->のは至難の技です。,,
,,,,,ch,<!--be-sefure-a-->どころか、話を聞いてもらうことすら難しいのが現実です。,セックスする関係になる前に、立ち止まって話を聞いてもらうのも困難です。,nodata,nodata,,
,,,,,ch,同様に、合コンなど友人や知人に<!--keyword-adj--><!--woman-->を紹介してもらっても、その女性<!--be-sefure-->というのは難しいし、友人や知人の手前できないでしょう。,彼女探しや婚活の場合と違って、友達に紹介してもらったりするのも、<!--making-sefure-->ではできません。,<!--make-sefure-->場合には、友達の紹介や知人の伝手を使った合コンなども利用できません。,恋愛や婚活では有効な友達の紹介なども、<!--making-sefure-->に関しては紹介を頼むのは難しいです。,,
,,,,,ch,「紹介してもらった女性を<!--sefure-->にした」、なんて友達には言えないですよね。,nodata,友達に紹介してもらったのに、遊びの<!--be-sefure-a-->のは申し訳ないですから。,,,
,,,,,/p,,,,,,
,,,,,p,,,,,,
,,,,,ch,そこで、<!--become-sefure--><!--keyword-adj--><!--woman-->を探せる場所として一番オススメできるのは出会い系サイトです。,そんな中、成功率が高くて、誰にも気兼ねなく<!--sefure-->を探せるのが、出会い系サイトです。,<!--become-sefure-->女性との出会いのチャンスを広げるのに私が一番オススメするのは、出会い系サイトです。,そこで女性との出会いを増やすのに大いに有効なのが出会い系サイトでの出会いです。,,
,,,,,ch,出会い系サイトなら、少しがんばるだけでたくさんの女性と簡単に知り合うことができます。,出会い系サイトを使えば誰でも、<!--sefure-candidate-->になる<!--keyword-adj--><!--woman-->との出会いをたっぷりと探すことができます。,nodata,,,
,,,,,ch,出会い系サイトは利用者数が多いので出会える女性の数はピカイチですし、ほぼ全員が本気で出会いを探しているので外れ率も低いです。,出会い系サイトや出会いアプリでは、本気で出会いを探している女性ばかりで、しかも大手のサイトなら利用者もかなり多いので、毎日多くの女性と知り合うことができます。,出会い系サイトは出会いのための専門ツールなので、真剣に出会いを探している女性が非常にたくさん登録しています。,出会い系サイトには出会いを探している女性が何千人も登録しているので、簡単に<!--sefure-candidate-->との出会いを探すことができます。,,
,,,,,ch,そして、出会い系サイトでは５通ほどやり取りをすれば直接連絡できるようになるので、一人の女性と出会うためのコストは250円程度と格安です。,しかも、当サイトでご紹介しているサイトはどれも大手の優良サイトで利用料も安く、250円もあればやり取りで女性の連絡先を聞くことができます。,nodata,さらに、出会い系では無料試しポイントもあるので、お金はあま理かかりません。,,
,,,,,ch,うまくやれば、無料お試しポイントなどを使ってタダで<!--keyword-adj--><!--sefure-->を作ることもできます。,nodata,そして、無料お試しポイントを使えば、０円で<!--make-sefure-->ことができるかも知れません。,,,
,,,,,/p,,,,,,
,,,,,p,,,,,,
,,,,,ch,私はこれまで、<!--keyword-adj--><!--woman-->の<!--sefure-->を始め、出会い系でたくさんの出会いを経験してきました。,私自身も、これまで出会い系サイトを利用することで、非常に多くの女性と出会って<!--sefure-->にしてきました。<!--keyword-adj--><!--woman-->ともたくさんセックスしました。,これまで、私は出会い系サイトで多くの女性とセックスをして、そして<!--sefure-->にしてきました。,私のこれまで出会い系サイトを使って、とてもたくさんの女性と出会って、多くの<!--keyword-h-->を<!--sefure-->にしました。,,
,,,,,ch,はっきりいって、完全に出会い系サイトのおかげです。,これは私の腕とかではなく、全て出会い系サイトを使ったからこそです。,nodata,全部、出会い系サイトがなければ不可能でした。,,
,,,,,ch,ネット上の口コミでも出会い系サイトで出会ってセックスしたり<!--sefure-->を作った体験談が数多くあります。,インターネット上の個人のレビューや口コミなどを見ても、出会い系サイトを利用して<!--sefure-->を作ったりした経験談が非常に多いです。,ネットで体験談や口コミを調べても、やはり出会い系サイトで出会えたという声が一番多いです。,私の経験だけではなく、ネット上の書き込みや口コミ情報などを見ても、やはり出会い系サイトが<!--making-sefure-->に最適だという意見がほとんどです。,,
,,,,,/p,,,,,,
,,,/st,,,,,,,,
,ch,,,,,,,,,,
,,st,,,,,,,,,
,,,,,p,,,,,,
,,,,,ch,それらの情報を総合してみると、出会い系サイトの中でも「<!--site-1-->」が特に<!--keyword-adj--><!--woman-->の<!--make-sefure-->のに適しています。,それらのネットでの声と、私の過去の経験からいうと、特に<!--keyword-adj--><!--sefure-->作りという点でいうと一番オススメできるのは「<!--site-1-->」でしょう。,,,,
,,,,,/p,,,,,,
,,,,,ch,<!--site-banner1-->,,,,,
,,,,,p,,,,,,
,,,,,ch,注: 18歳未満の方は利用できません。,※出会い系サイトは18歳未満は利用できません。,※ 出会い系サイトは全て18禁です。,,,
,,,,,/p,,,,,,
,,,,,p,,,,,,
,,,,,ch,「<!--site-1-->」は男女ともの利用者数が多く、私がこれまで利用してきたサイトの中でも初心者でも出会える点で優れた出会い系サイトです。,10年以上の運営実績を誇る、老舗の出会い系サイトで、出会える実績も折り紙付きです。,,,,
,,,,,ch,この「<!--site-1-->」を介して結婚したり、童貞卒業した男性も数多いと思います。,nodata,,,,
,,,,,ch,<!--site-1-->には数多くの女性会員が登録しているので、その中には<!--keyword-adj--><!--woman-->もたくさんいます。,出会い系サイトの中でも特に利用者数が多く、女性利用者もかなり多いので、<!--keyword-adj--><!--woman-->との出会いも大いに期待できます。,,,,
,,,,,ch,私がこれまで利用してきた印象では、この<!--site-1-->には<!--keyword-adj--><!--woman-->が非常に多いです。,というか、過去の私の利用経験では、<!--site-1-->には<!--keyword-adj--><!--woman-->が多いような気がします。,,,,
,,,,,ch,何故かはよくわかりませんが・・・。,<!--site-1-->では<!--keyword-adj--><!--woman-->が利用しやすい何かがあるのかも知れません。,,,,
,,,,,/p,,,,,,
,,,,,p,,,,,,
,,,,,ch,また、エッチな女性の比率も多いので、<!--keyword-adj--><!--sefure-->を作るのには最高のサイトだと思います。,さらに、<!--site-1-->ではエッチな女性が多く、<!--sefure-->を作りやすいという面もあります。,,,,
,,,,,ch,<!--site-1-->のアダルト系の掲示板を使ってみれば、<!--sefure-->を含むアダルトな出会いを探している女性の多さはすぐわかると思います。,nodata,,,,
,,,,,/p,,,,,,
,,,ch,,,,,,,,
,,,,,,nodata,,,,,
,,,,st,,,,,,,
,,,,,p,,,,,,
,,,,,ch,<!--site-1-->でプロフィールの画像検索をしたり、プロフィール写真を見てみるとわかりますが、美人やかわいい女性も多いです。,プロフィールには顔などの写真を掲載できますが、<!--site-1-->の女性利用者のプロフ画像をみると、かわいい女の子や美人な女性も結構多いのがわかります。,,,,
,,,,,ch,運が良ければ、芸能人の<!--actress-->や<!--actress-->みたいな美人の女性と出会えて<!--become-sefure-->かも知れません。,それをうまく利用すれば、好みのタイプの<!--keyword-l-->も見つかるでしょうし、セクシー女優の<!--AV-act-->や<!--AV-act-->のようなかわいくてしかもエロい<!--can-make-sefure-->可能性もあります。,,,,
,,,,,ch,ただし、美人すぎるプロフィール写真の女性は、業者の可能性が高いので注意が必要ですが。,ただし、美人な写真の女性の中には業者や美人局などが紛れていることもあるので、十分気をつけてください。,,,,
,,,,,/p,,,,,,
,,,,/st,,,,,,,
,,,,st,,,,,,,
,,,,,p,,,,,,
,,,,,ch,そして、<!--site-1-->は<!--link-area-->や<!--link-area-->などを含めた日本全国で女性利用者が多いのも特徴です。,そして、<!--link-area-->や<!--link-area-->などどの都道府県でも、<!--site-1-->なら利用者が多数いるので、好みのタイプの女性が見つかると思います。,,,,
,,,,,ch,どこに住んでいても<!--keyword-adj--><!--sefure-->が作れます。,日本中どこでも、地域を選ばず<!--making-sefure-->ができます。,,,,
,,,,,/p,,,,,,
,,,,/st,,,,,,,
,,,/ch,,,,,,,,
,,,,,p,,,,,,
,,,,,ch,ちなみに、私が現在よく会ってセックスしている巨乳の<!--sefure-->は、<!--site-1-->で知り合いました。,参考までに、私の現役の<!--sefure-->の中で、巨乳の女性はこの<!--site-1-->のプロフィール検索から探して出会っています。,,,,
,,,,,/p,,,,,,
,,,,,p,,,,,,
,,,,,ch,また、<!--keyword-adj--><!--sefure-->との出会いのチャンスを増やすには複数のサイトを並行して利用するのも効果的です。,なお、出会いのチャンスを増やすということを考えると、<!--site-1-->以外のサイトも利用してみるのもオススメします。,,,,
,,,,,ch,というのも、一つのサイトだけでは、自分好みの<!--keyword-adj--><!--woman-->がたくさんいるとは限らないからです。,複数のサイトを併用することで、探せる<!--sefure-candidate-a-->女性の数が増えるので、<!--become-sefure--><!--keyword-adj--><!--woman-->との出会いも増えます。,,,,
,,,,,ch,複数のサイトを利用していれば、満足できる数の<!--keyword-adj--><!--woman-->を見つけることができ、その結果、自分の理想の<!--keyword-adj--><!--sefure-->とも出会えることに繋がります。,しかも、探せる女性の数が増えれば、自分が出会いたい好みのタイプの<!--keyword-h-->と出会える可能性も高くなり、結果として理想的な<!--sefure-->と出会えるようになります。,,,,
,,,,,ch,２つのサイトを使えば、出会いのチャンスが２倍になるのは道理ですよね。,nodata,まさにいいことばかりですね。,,,
,,,,,/p,,,,,,
,,,,,p,,,,,,
,,,,,ch,ですから、私イチオシの<!--site-1-->以外でも、「<!--site-2-->」や「<!--site-3-->」「<!--site-4-->」などの人気出会い系サイトも同時に利用してみることをオススメします。,ということで、時間的に一番おすすめな<!--site-1-->と併せて、「<!--site-2-->」や「<!--site-1-->」、「<!--site-4-->」などの他の優良出会い系サイトも一緒に利用してみてください。,,,,
,,,,,ch,どのサイトも最初は無料お試しポイントがたっぷりもらえるので、無料で利用できて<!--keyword-adj--><!--woman-->と出会えます。,nodata,<!--site-2-->も<!--site-4-->も、どれも試すだけならタダですし。,,,
,,,,,ch,ぜひ試してみてください。,よかったらトライしてみてください。,試してみるのも面白いと思いますよ。,nodata,,
,,,,,/p,,,,,,
,,,,,p,,,,,,
,,,,,ch,なお、<!--site-1-->などのサイトは<!--keyword-adj--><!--sefure-->を作る場合だけでなく、<a href=#../majime/m4_0.html#>童貞</a>を卒業する場合などにも有効ですので、童貞の方にもおすすめです。,<!--site-1-->は<!--keyword-adj--><!--woman-->はもちろん、<a href=#../majime/m1marriedwoman.html#>人妻</a>とも出会いやすいので、人妻の<!--want-sefure-->方は人妻縛りで探してみてもいいかも知れません。,ちなみに、<!--site-1-->は<!--sefure-->だけでなく<a href=#../majime/m0aijin.htmll#>愛人</a>も探しやすかったりするので、<!--keyword-adj--><!--sefure-->の他に愛人にも興味ある方はそちらの方も探してみてください。,,,
,,,,,/p,,,,,,
,,/st,,,,,,,,,
,,st,,,,,,,,,
,,,,,h3,口コミで話題の出会える出会い系サイト,ネット情報で<!--keyword-adj--><!--sefure-->が作れる出会い系サイト,SNSなどで評価されている<!--making-sefure-->の出会い系サイト,,,
,,,,,p,,,,,,
,,,,,ch,私がネットの体験談や口コミ情報を調査した結果、<!--make-sefure-->のに有利な出会い系サイトとして、<!--site-1-->と<!--site-2-->が双璧だという結論に達しました。,インターネットやSNS上の口コミ情報を多数調べたところ、現在ある出会い系サイトの中で<!--sefure-->と出会えるサイトとして定評があるのは、やはり<!--site-2-->と<!--site-1-->ということで誰も異論はないと思います。,,,,
,,,,,ch,これは、<!--keyword-adj--><!--sefure-->を作る場合に特に当てはまります。,<!--keyword-adj--><!--sefure-->を作る場合においても、これは同様です。,,,,
,,,,,/p,,,,,,
,,,,,ch,<!--site-banner1--><!--site-banner2-->,,,,,
,,,,,p,,,,,,
,,,,,ch,<!--site-1-->と<!--site-2-->は、どちらも大手の出会い系サイトで、どちらも10年以上出会い系業界の中のトップランナーです。,出会い系サイトを利用している方なら、<!--site-1-->と<!--site-2-->の名前は誰でも耳にしたことがあると思います。大人気サイトですから。,,,,
,,,,,ch,彼女探しや結婚相手探しなど真面目な出会いもできますが、エッチな出会いもしやすいことで定評があります。,<!--site-2-->と<!--site-1-->では、婚活や恋愛など真剣な出会いはもちろん、エッチな出会いにしやすさでも有名です。,,,,
,,,,,ch,ネット上の口コミでも、そういう声が多かったです。,nodata,,,,
,,,,,ch,また、<!--link-area-->や<!--link-area-->など日本全国どこでも出会えるという声も多かったです。,さらに、この２サイトは女性週刊誌や女性ファッション誌など女性が読む雑誌に多く広告を出しているので、<!--link-area-->など日本中どこでも女性会員が多いことで知られています。,,,,
,,,,,ch,<!--site-1-->や<!--site-2-->を使えば、日本のどこにいても<!--keyword-adj--><!--sefure-->が作れるということですね。,nodata,,,,
,,,,,/p,,,,,,
,,,,,p,,,,,,
,,,,,ch,実際、私がこれまで作った<!--sefure-->も、その半分以上が<!--site-1-->と<!--site-2-->の２サイトで出会っています。,私のこれまでの経験で、行きずり的なセックスをした女性や<!--sefure-->にした女性の多くは<!--site-2-->や<!--site-1-->で知り合いました。,,,,
,,,,,ch,<!--site-2-->と<!--site-1-->は、やはりエッチな女性が多いので、<!--keyword-adj--><!--woman-->に限らず<!--sefure-->が探しやすいと思います。,個人的な感想ですが、<!--site-2-->と<!--site-1-->の女性会員にはエッチな人が多い気がします。,,,,
,,,,,ch,優しい女性も多いので、<!--making-sefure-->ではなくて<a href=#../majime/m4_0.html#>童貞</a>を卒業したい方にもおすすめです。,女性のプロフィール画像をみると、かわいい女性も結構いるので、AVでよく目にする<!--AV-act-->や<!--AV-act-->のようなかわいくてセックスが大好きな<!--sefure-->も作れるかも知れません。,,,,
,,,,,/p,,,,,,
,,,,,p,,,,,,
,,,,,ch,また、<!--site-2-->と<!--site-1-->をお勧めする根拠として、他にもタダで出会えるチャンスがある点も挙げられます。,さらに、,,,,
,,,,,ch,<!--site-2-->と<!--site-1-->では、初めて登録する際に無料お試しポイントがもらえます。,この２サイトでは、サイトに初登録すると、結構多めのお試しポイントがプレゼントされます。,,,,
,,,,,ch,この無料お試しポイントをうまく利用すれば、そのお試しポイントだけで女性と出会うこともできます。,もらえるお試しポイントでしばらく遊べますし、当然エッチな女性と出会ってセックスすることも可能です。,,,,
,,,,,ch,うまくやれば、タダで<!--keyword-adj--><!--sefure-->を作ることも可能です。,運が良ければ、追加ポイントを購入しなくても<!--sefure-->が作れたりします。,,,,
,,,,,ch,この記事に書いている<!--making-sefure-->のテクニックをきちんと実行できれば可能性ありなので、がんばってみて下さい。,もしポイントがなくなっても、追加ポイントも出会い系サイトの中では最安値レベルで購入できるので、<!--keyword-adj--><!--sefure-->を作るのにお金はそれほどかかりません。,,,,
,,,,,ch,この、コスパの良さも<!--site-2-->と<!--site-1-->の大きなメリットです。,nodata,,,,
,,,,,/p,,,,,,
,,,,,p,,,,,,
,,,,,ch,なお、出会いのチャンスを増やすという意味では、<!--site-1-->と<!--site-2-->以外の出会い系サイトまで利用すると、さらに出会いのチャンスを増やすことができます。,出会いのチャンスを増やす重要性は上でも書きましたが、<!--site-2-->と<!--site-1-->以外のサイトを複数同時利用しても出会いのチャンスは増やせます。,,,,
,,,,,ch,倍の数のサイトを利用すれば、出会いのチャンスも単純に２倍になるのは当然ですよね。,２つだけでなく、３つ４つと使うサイトが増えれば、それと比例して<!--keyword-adj--><!--sefure-->ができる確率と人数は増えていきます。,,,,
,,,,,ch,ですから、時間に余裕がある方は、<!--site-1-->や<!--site-4-->など、その他のおすすめサイトも併用してみて下さい。,もしも暇を持て余しているというような方は、<!--site-1-->や<!--site-4-->など他の人気サイトも並行して使ってみて下さい。,,,,
,,,,,ch,努力はきっと報われますから。,nodata,,,,
,,,,,/p,,,,,,
,,/st,,,,,,,,,
,/ch,,,,,,,,,,
,st,,,,,,,,,,
,,,,,h3,サイトに登録しても、それで終わりではありません,<!--keyword-adj--><!--sefure-->を作るための踏んばりどころはココ！！,<!--keyword-adj--><!--sefure-->候補を探しまくろう！,<!--keyword-adj--><!--woman-->にメールを送ろう！,,
,,,,,p,,,,,,
,,,,,ch,「出会い系サイトに登録完了！！,「出会えると噂のサイトに登録した！,「<!--can-make-sefure-->出会い系の利用登録終了！,「エッチな出会いがしやすい出会い系サイトの登録終了！,,
,,,,,ch,これで<!--keyword-adj--><!--sefure-->ができるな！！」,あとは待っておけば<!--keyword-adj--><!--woman--><!--become-sefure-a-->！！」,これで寝ていても<!--keyword-adj--><!--sefure-->と出会える！！」,もう何もしなくても<!--can-make-sefure-->！！やった！！」,,
,,,,,ch,って、そんなわけはありません。,なんて思ってる方はいませんよね？,当然ですが、そんなはずはないです。,流石に、そんな楽観的なことを考えている男性はいないと思います。,,
,,,,,ch,いくら出会える出会い系サイトでも、登録しただけで<!--keyword-adj--><!--sefure-->はできません。,どんなに出会える優良出会い系サイトでも、利用者登録しただけでは<!--make-sefure-->ことはできません。,上でご紹介した出会い系サイトは、トップクラスに<!--sefure-->が作りやすいサイトですが、行動しなくては<!--keyword-adj--><!--sefure-->と出会うことはできません。,ここまでご紹介してきた<!--site-1-->などの出会い系サイトは<!--keyword-adj--><!--sefure-->を作れますが、それは自分自身の行動あってのことです。,,
,,,,,ch,しかし、きっちり出会いを増やす活動をすれば、必ず<!--sefure-->は見つかります。,逆に、がんばって出会いを探せば何人でも<!--keyword-adj--><!--sefure-->を作ることができます。,nodata,nodata,,
,,,,,/p,,,,,,
,,,,,p,,,,,,
,,,,,ch,<!--keyword-adj--><!--sefure-->を作るには、ある程度、というかできるだけ多くの女性と出会って、その中から<!--look-sefure-candidate-->女性を選んで、実際に会うところまでいかないといけません。,セックスの相手を探す場合でも、<!--make-sefure-->場合でも、女性と出会って会って、そしてセックスしなくては<!--be-sefure-a-->ことはできません。,<!--make-sefure-->には、出会い系サイトで気になる女性にメールを出して、仲良くなってから実際に会って、セックスをするところまで進まないといけません。,<!--keyword-adj--><!--woman--><!--be-sefure-->には、出会い系サイトで<!--keyword-adj--><!--woman-->を見つけてメールを送って、仲良くなってからデートして、セックスして満足させる必要があります。,,
,,,,,ch,当然ですよね。,当たり前ですけど。,nodata,,,
,,,,,/p,,,,,,
,,,,,h3,プロフ検索で<!--keyword-h-->を探してメールする,プロフィールで<!--sefure-candidate-->を探してメールを送ろう,,,,
,,,,,p,,,,,,
,,,,,ch,nodata,しかも、サイトに登録して出会えそうなプロフィールを書いて待っていれば、<!--keyword-adj--><!--woman-->からメールが届いて出会える。みたいなことだといいんですが、実際そうはいきません。,それに、女性の場合はサイト登録して待っていればメールが来ますが、男性の場合はそうはいきません,nodata,,
,,,,,ch,出会い系サイトに登録している女性も自分からは男性にアプローチしてこないため、男性側からメールを送ってアプローチしていくことが大事です。,女性はみんな自分からは行動しないので、男性の方から進んでコンタクトを取る必要があります。,ほとんどの女性は受け身で自分からメールを送ったりはしないので、男性が積極的に行動しなくては出会いに繋がりません。,本気で出会いを探している女性でも、自分から男性にメールを送る女性は少ないので、男性は待っているだけでは出会えません。,,
,,,,,ch,具体的には、プロフィール検索で気になる<!--keyword-adj--><!--woman-->を探して、メールを送りましょう。,プロフィール検索での<a href=#../majime/m0sexfriendprofile.html#><!--sefure-->向きなプロフィール</a>の<!--keyword-adj--><!--woman-->を探したら、メールを送ってみてください。,サイトのプロフィール検索や<a href=#/majime/m0_8.html#>アダルト掲示板</a>を使って好きなタイプの<!--keyword-l-->を探して、ファーストメールを送りましょう。,実際には、女性の<a href=#../majime/m0sexfriendprofile.html#>プロフィール</a>を見てエッチで<!--keyword-adj--><!--woman-->を探して、自分からメールを送るだけです。,,
,,,,,/p,,,,,,
,,,,,p,,,,,,
,,,,,ch,<!--site-1-->や<!--site-2-->などの人気出会い系サイトでは、プロフィール検索でかなり詳細に女性を絞り込むことができます。,<!--site-1-->などの大手の出会い系サイトはシステムが便利になっているので、プロフィール検索などで好みのタイプの女性を簡単に探すことができます。,出会い系サイトでは、プロフィールを条件を指定して絞り込み検索できます。,出会い系サイトのプロフィールでは、絞り込み検索が可能です。,,
,,,,,ch,その機能を使えば、体型やコメントなどから自分の好みのタイプの<!--keyword-adj--><!--woman-->を見つけることができます。,そのプロフ検索機能を利用して、体型や自己PRの文章などから好みの女性を探すことができます。,それらの検索機能を使って、自分の理想の<!--keyword-h-->を探し出しましょう。,プロフィール検索を使って、<!--keyword-->で、しかも<!--look-sefure-candidate-->エッチな女性を探します。,,
,,,,,/p,,,,,,
,,,ch,,,,,,,,
,,,,,,nodata,,,,,
,,,,st,,,,,,,
,,,,,p,,,,,,
,,,,,ch,また、掲示板の女性の投稿を見つけてそれにメールするのもアリです。,プロフィール検索以外でも、掲示板を使って<!--sefure-->を探すこともできます。,,,,
,,,,,ch,出会い系サイトのアダルト系掲示板であれば、<!--sefure-->募集の書き込みもあります。,出会い系の、特にアダルト掲示板には<!--sefure-->などのエッチな出会いを探している書き込みも多いですから。,,,,
,,,,,ch,そんな書き込みを見つけて、<!--sefure-->後方になる女性を探すこともできます。,そんなエッチな女性をアダルト掲示板などで見つけてメールすれば<!--sefure-->も作りやすいです。,,,,
,,,,,/p,,,,,,
,,,,,p,,,,,,
,,,,,ch,ただし、アダルト掲示板の書き込みには、割り切り目的の女性の書き込みもあります。,しかし、出会い系サイトのアダルト系掲示板には割り切り（お金目的のセックス。売春や援助交際と同義）をしている女性の書き込みも多いです。,,,,
,,,,,ch,割り切り目的の女性はお金が目的なので、絶対に<!--be-sefure-a-->ことはできません。,セックスが好きそうだから<!--sefure-->にできそうだと思うかもしれませんが、割り切り女子は素人ではないので、お金無しでは絶対にセックスしません。,,,,
,,,,,ch,ですから、メールを送る際には割り切り目的の女性には絶対に送らないようにしましょう。,ですから、アダルト掲示板で女性を探す場合には、割り切り目的の女性を必ず外すようにして下さい。,,,,
,,,,,ch,特に「今すぐ会いたい」などの掲示板には割り切り目的の女性の書き込みが多いので十分気をつけて下さい。,アダルト掲示板の「すぐ会いたい」系の掲示板な特に割り切りが多い、というかほぼ割り切りなので要注意です。,,,,
,,,,,ch,判断方法は、<a href=#../caption/meaningofwarikiri.html#>割り切りの見分け方</a>の記事などが役立つと思います。,nodata,,,,
,,,,,/p,,,,,,
,,,,/st,,,,,,,
,,,/ch,,,,,,,,
,,st,,,,,,,,,
,,,,,h3,プロフ検索を駆使して<!--keyword-l-->を探し出そう！,プロフ検索で<!--easy-sefure--><!--keyword-h-->を探すコツ,プロフィール検索でエッチな女性を探す方法,<!--easy-sefure--><!--keyword-h-->をプロフ検索で探す方法,,
,,,,,p,,,,,,
,,,,,ch,さあ、ここが出会い系サイトで<!--keyword-adj--><!--woman--><!--be-sefure-->ためのポイントです。,<!--search-sefure-->のポイントは<a href=##><!--how-to-sefure--></a>でも紹介していますが、<!--keyword-adj--><!--sefure-->を作るためのコツはここです。,<!--keyword-adj--><!--sefure-->を<!--sefure-->に探すための最重要ポイントをこれからご紹介します。,ここでは、特に「<!--keyword-adj--><!--sefure-->を作るための注意点」をご紹介します。,,
,,,,,ch,<!--keyword-adj--><!--woman--><!--be-sefure-->には、出会い系サイトで<!--keyword-adj--><!--woman-->を見つけてアプローチしなくてはいけません。,当然ですが、<!--keyword-adj--><!--sefure-->を作るには、出会い系サイトのプロフィール検索などで<!--keyword-adj--><!--woman-->を見つける必要があります。,出会い系サイトで<!--sefure-candidate-->を探すときに<!--keyword-adj--><!--woman-->を上手く見つけ出して、メールを送ることが重要です。,出会い系サイトのプロフィールや掲示板で的確に<!--keyword-l-->を見つけ出して出会うことができれば、<!--keyword-adj--><!--sefure-->を作ることができます。,,
,,,,,ch,女性は自分からは行動しないので、男性のあなたから行動を起こす必要があります。,<!--keyword-adj--><!--woman-->も他の女性と同じように自分からはメール送ったりしないので、男性の方からアプローチしなくてはなりません。,nodata,nodata,,
,,,,,/p,,,,,,
,,,,,p,,,,,,
,,,,,ch,では、<!--sefure-candidate-a--><!--keyword-adj--><!--woman-->を探しましょう。,さあ、<!--be-sefure-a-->エッチで<!--keyword-adj--><!--woman-->を探していきましょう。,nodata,nodata,,
,,,,,ch,<!--keyword-adj--><!--woman-->を探す方法は簡単です。,この記事でご紹介している出会い系サイトであれば、<!--keyword-l-->を探すのもとても簡単です。,上でご紹介した大手の出会い系サイトはシステム面でも優秀なので、<!--keyword-l-->も簡単に探し出すことができます。,上述の人気出会い系サイトを利用すれば、身の毛がよだつほど簡単に<!--keyword-adj--><!--woman-->を探すことができます。,,
,,,,,ch,スマホをいじって、プロフィール検索で体型で<!--keyword-adj--><!--woman-->に当てはまる条件で絞り込み検索をするだけです。,サイトにログインして、プロフィール検索で<!--keyword-h-->に上手く当てはまる検索条件を選択して、検索するだけです。,サイトのプロフィール検索で体型や興味あることなどで<!--keyword-h-->に当てはまるように絞り込み検索するだけで見つかります。,その出会い系サイトのプロフィール検索機能で、体型や年齢その他の特徴などで絞り込み検索をすれば<!--keyword-h-->を簡単に見つけられます。,,
,,,,,ch,<!--keyword-adj--><!--woman-->は<!--key-search-->すれば見つかると思います。,<!--key-search-->すれば、比較的簡単に<!--keyword-l-->を見つけられると思います。,<!--keyword-adj--><!--sefure-->候補を出会い系サイトで探す場合、<!--key-search-->すれば見つかります。,<!--key-search-->すれば、<!--keyword-adj--><!--woman-->を見つけることができます。,,
,,,,,ch,上手く当てはまる条件がない場合は、一言コメントで「<!--keyword-->」などのキーワードでフリーワード検索してみましょう。,プロフィールの項目で<!--keyword-h-->に上手く当てはまるものがないサイトでは、自己紹介文などで「<!--keyword-h-->」などのキーワードでワード検索してみて下さい。,サイトのプロフィール検索で上手く検索できない場合には、自由コメント文のワード検索で「<!--keyword-h-->」などのキーワードを調べてみて下さい。,プロフィールの項目にうまく当てはまる条件がない場合は、自己PR文を「<!--keyword-h-->」などの言葉で検索して探してみて下さい。,,
,,,,,ch,フリーワード検索できないサイトでは、プロフィールを物色して、「<!--keyword-h-->」などと書いている女性を探します。,一部のフリーワード検索がないサイトの場合は、近い項目で絞り込んだ後、プロフィールをチェックしていきましょう。,nodata,それでも探せない場合でも、プロフィールを個別にチェックして当てはまる女性を探します。,nodata,
,,,,,/p,,,,,,
,,,,,p,,,,,,
,,,,,ch,そうすれば、比較的簡単に<!--keyword-adj--><!--woman-->が見つかるはずです。,そんな感じで探せば、<!--link-area-->などどこの地域に住んでいても<!--keyword-l-->と出会えるはずです。,そうやって見つけると、<!--look-sefure-candidate--><!--keyword-h-->が見つかります。,その手順を繰り返せば、<!--become-sefure--><!--keyword-h-->を何人でも探すことができます。,,
,,,,,ch,そしてその女性に思い切ってメールを送りましょう。,そうやってエッチな<!--keyword-h-->が見つかったら、一か八かメールを送ってみましょう。,nodata,nodata,,
,,,,,/p,,,,,,
,,,ch,,,,,,,,
,,,,,,nodata,,,,,
,,,,st,,,,,,,
,,,,,h3,エッチな<!--keyword-h-->は<!--easy-sefure-->,<!--easy-sefure-->のはエロい<!--keyword-h-->,エッチな女性はセックスしやすく<!--sefure-->にもしやすい,,,
,,,,,p,,,,,,
,,,,,ch,出会い系サイトで<!--keyword-adj--><!--woman-->を探す方法は上で簡単にご紹介しましたが、<!--be-sefure-a-->には<!--easy-sefure-->女性を探す必要があります。,さらに、その<!--keyword-h-->が<!--easy-sefure-->女性だと、<!--become-sefure-->成功率が爆上げします。,,,,
,,,,,ch,簡単に言うと、<!--easy-sefure-->のはエッチな女性です。,端的にいうと、エッチな女性は<!--sefure-->にもしやすいです。,エッチな女性はセックスにも持ち込みやすいので、セックスしやすいし<!--sefure-->にもしやすいです。,,,
,,,,,ch,エッチな女性の探し方は、<a href=##>エッチな女性のプロフィール</a>などで解説しているので、そちらの方を見てみて下さい。,プロフィールの<!--dot#3#自己評価でエッチ度が高めだったり#興味あることで<!--adult-trend-->の項目を選んでいたり#<!--tits-->のサイズをしっかり書いていたり#dot-->する女性はエッチな確率が高いので狙ってみて下さい。,詳しく知りたい方は<a href=#../majime/m0sexfriendprofile.html#><!--easy-sefure-->女性のプロフィール</a>などを参考にしてみて下さい。,,,
,,,,,ch,ただ、プロフィールで「誰でもいいからセックスしたい」みたいなことを書いているのは<!--ya#2#業者#割り切り#ya-->なのでメールしないようにしましょう。,nodata,,,,
,,,,,/p,,,,,,
,,,,/st,,,,,,,
,,,/ch,,,,,,,,
,,/st,,,,,,,,,
,,,,ch,,,,,,,
,,,,,,nodata,,,,,
,,,,,h3,発見した<!--sefure-candidate-->にメールを送ってみよう,エッチな<!--keyword-h-->を見つけたらメールでアプローチ,<!--want-to-be-sefure--><!--keyword-h-->を発見したらメール送信,<!--keyword-adj--><!--woman-->が見つかったら思い切ってメールを送ろう,,
,,,,/ch,,,,,,,
,,,,st,,,,,,,
,,,,,p,,,,,,
,,,,,ch,それで見つかった<!--keyword-adj--><!--woman-->に、思い切ってメールを送りましょう。,プロフ検索などで気に入った<!--keyword-h-->が見つかったら、早速メールをしてみましょう。,そして、好みのタイプの女性が見つかったら、アプローチのメールをこちらから送ります。,プロフ検索や掲示板などで探して、<!--want-to-be-sefure--><!--keyword-h-->が見つかったら、次はメールを送ります。,,
,,,,,ch,<!--sefure-candidate-a--><!--keyword-adj--><!--woman-->に送るメールは、最初は紳士的なメールがいいでしょう。,女性に一番最初の送るメールは、エロメールではなく真面目そうなメールにして下さい。,アプローチする１通目のメールは、第一印象に関係するので、優しくて誠実そうな文章がベターです。,<!--making-sefure-->が目的ですが、一発目のメールはエロなしの普通っぽいメールがベストです。,,
,,,,,ch,いきなり「<!--sefure-->になってください」みたいな下心丸出しのメールを送るのはNGです。,最初からエロメールだと、女性はひいてしまって返信してくれません。,最初のメールの印象がいいと、その後もずっと好印象でやり取りできます。,nodata,,
,,,,,ch,どんなメールを送ればいいか分からない方は、「<a href=#../majime/m1sexfriendmail.html#><!--sefure-->募集のファーストメール例文</a>」などの例文を参考にしてみてください。,<!--sefure-candidate-->に送る最初のメールの書き方がわからないという方は、<a href=#../majime/m1sexfriendmail.html#>例文</a>をコピペして使ってもOKです。,送るメールの文面については、<a href=#../majime/m1sexfriendmail.html#><!--can-make-sefure-->メール例文</a>を真似してもいいと思います。,<!--keyword-adj--><!--woman-->に送る１通目のメールは、<a href=#../majime/m1sexfriendmail.html#><!--can-make-sefure-->メール</a>の例文みたいな感じでいいと思います。,,
,,,,,ch,ただし、完全にコピペだと女性は感づいて返信をもらえないので、相手の名前やプロフの情報は手打ちして下さい。,例文の記事でも書いていますが、完全コピペはNGで、一部は毎回記入しましょう。,nodata,,,
,,,,,ch,最初はコピペでも、慣れてくれば自分で書けるようになります。,慣れてくれば、自分で<!--keyword-adj--><!--sefure-->ができやすいファーストメールが書けるようになると思います。,nodata,nodata,,
,,,,,/p,,,,,,
,,,,,p,,,,,,
,,,,,ch,上でも書きましたが、たくさん出会いのチャンスを作ればそれだけ<!--can-make-sefure-->確率が上がります。,上述したように、できるだけ多くの女性と出会うことで、<!--can-make-sefure-->確率が上がるし、その技術も向上します。,再三言っているように、<!--make-sefure-->にはチャンスを増やすことが重要です。,<!--keyword-adj--><!--sefure-->を作るためには、とにかく<!--keyword-adj--><!--woman-->との出会いを増やすのが一番です。,,
,,,,,ch,<!--ya#2#プロフ検索#掲示板#ya-->で<!--look-sefure-candidate--><!--keyword-h-->を見つけたら、あまり躊躇しないでメールを送りましょう。,ですから、良さそうな<!--keyword-h-->がいたら、逡巡したりしないで思い切ってメールを送りましょう。,ですから、少しでも気になる<!--keyword-h-->がいたら、後先考えずにメールを送信して下さい。,<!--ya#2#プロフィール#掲示板#ya-->でエッチな女性を見つけたら、気軽にメールを送ってみるのがベストです。,,
,,,,,ch,<!--dot#2#「高嶺の花で無理そう」とか#「顔が好みじゃない」#dot-->とかいう場合でも、練習も兼ねてメールしてみて下さい。,「ダメでもともと、上手くいったら儲けもの」みたいな気持ちでやってみましょう,まさに、「案ずるより産むが易し」で、やってみればいいんです。,nodata,,
,,,,,ch,相性が悪ければ、セックスした後でやめてもいいんですから。,もしも返事がこなくても、ポイントはやすいので大したダメージはありません。,万が一失敗しても、相手は全く知らない人なので何の影響もありません。,nodata,,
,,,,,/p,,,,,,
,,,,,p,,,,,,
,,,,,ch,できるだけたくさんの<!--keyword-adj--><!--woman-->にメールを送って、チャンスを増やして、同時に経験値を積むのがここの<!--lw-step-1st-->のキモです。,この<!--lw-step-1st-->のポイントは、出会える出会い系サイトで出会いのチャンスを増やして、出会いの分母を増やすと同時に経験を積むことです。,とにかく、出会いの数を増やせば増やすほど、<!--can-make-sefure-->可能性も、作れる<!--keyword-adj--><!--sefure-->の人数もアップします。,<!--keyword-adj--><!--sefure-->に限らず、<!--make-sefure-->にはまず出会いの数を増やさないことには何もスタートしません。,,
,,,,,ch,特に、現時点でやり取りしている女性がいない方は、とりあえず思い切ってメールしてみて下さい。,今現在やり取りしている女性がいない方は特に、できるだけ多くメールを送ってみましょう。,まだ今何もしていない方は、とにかく行動を始めてみましょう。,様子見している時間ももったいないので、まず行動しましょう、,,
,,,,,ch,それが<!--keyword-adj--><!--sefure-->を作る第一歩です。,それが、<!--keyword-adj--><!--sefure-->とセックスしまくるための最短ルートです。,nodata,nodata,,
,,,,,/p,,,,,,
,,,,,h2,<!--lw-step-2nd--> <!--sefure-candidate-->と仲良くなって実際に会おう,<!--lw-step-2nd--> 発見した<!--keyword-h-->と仲良くなってデートしよう,<!--lw-step-2nd--> <!--sefure-candidate-a--><!--keyword-h-->とメールの会話で仲良くなる,<!--lw-step-2nd--> <!--keyword-adj--><!--sefure-candidate-->とメールで仲良くなって会う約束をしよう,,
,,,,,p,,,,,,
,,,,,ch,そこからメールのやり取りが始まります。,それでメールを送って、女性から返信が来たらやり取り開始で、仲良くなってデートすることを目指します。,その最初のメールに返信が来たら、そこからやり取りをして仲良くなっていきます。,最初のメールに女性が返信してくれる確率は１００％ではないですが、返事が来たらメールのラリーを始めて関係を深めていきます。,,
,,,,,ch,しかし、<!--keyword-adj--><!--woman-->とメールのやり取りで仲良くなって、実際に会うためにはいくつかポイントがあります。,そこでその相手の女性と仲良くなってデートするためにはコツがあります。,上手く仲良くなって、実際に会う約束をするのですが、コツをつかんでいればそれも簡単です。,上手くメールでの会話で仲良くなって、デートに誘えれば実際に会うことができます。,nodata,
,,,,,ch,以下でその会うためのポイントをご紹介します。,次は、出会い系のメールで女性と仲良くなるためのコツをご紹介します。,続いては、出会い系メールで女性と仲良くなって、実際にデートに誘うためのテクニックについて解説します。,ここからは、<!--keyword-adj--><!--woman-->とメールで仲良くなる技術についてお話ししていきます。,,
,,,,,ch,残りは半分以下なので、もう少しがんばって読んでみて下さい。,あと少しなので、気合を入れて最後まで読んでみて下さい。,nodata,nodata,,
,,,,,/p,,,,,,
,,,,/st,,,,,,,
,,,,,h3,聞き上手だと<!--keyword-l-->とのメールのやり取りが上手くいきやすい,聞き上手な男性は<!--no_dot#2#会話も#メールも#no_dot-->うまくいく,出会い系で聞き上手になるための簡単テクニック,<!--keyword-adj--><!--sefure-->を作るには聞き上手になろう,,
,,,,,p,,,,,,
,,,,,ch,出会い系サイトでの出会いに限らず、聞き上手な男性は女性にモテます。,聞き上手な男性は、<!--no_dot#2#出会い系サイトでも#リアルの出会いでも#no_dot-->モテます。,聞き上手な男性は会話をうまくリードできるので、女性からの印象がかなり良いです。,出会い系サイトでは聞き上手な男性はメールが長続きしやすく、結果として実際に会える率も高い傾向にあります。,<!--keyword-adj--><!--woman-->との<!--no_dot#3#<a href=#../majime/m2_0_1.htmll#>メールでの会話</a>でも、#実際に会って食事している時も、#セックスした後のベッドの中での会話でも、#no_dot-->聞き上手に会話ができれば、相手の女性はこちらに好印象を抱きます。,
,,,,,ch,ですから、聞き上手になればメールの会話もうまく続いて、実際に会えるようになります。,ですから、メールの会話で聞き上手になれれば、相手の<!--keyword-adj--><!--woman-->と仲良くなりやすいです。,聞き上手になって、メール相手の<!--keyword-h-->と無事にデートしましょう。,nodata,その結果、仲良くなったり、上手くセックスできたり、<!--sefure-relation-->が長続きしたりするんです。,
,,,,,/p,,,,,,
,,,,,p,,,,,,
,,,,,ch,しかし、「聞き上手」というのは相手の女性の話をただ聞いてあげればいいだけではありません。,しかし、相手の女性の言うことをただ「うんうん」と聞いているだけでは聞き上手にはなれません。,では、どうやったら聞き上手になれるのでしょうか。,では、出会い系の<!--ya#2#メール#会話#ya-->で聞き上手になるにはどうすれば良いのでしょうか。,,
,,,,,ch,聞き上手になるには、上手く相手の話を引き出して気持ちよく話をさせて、さらに相手の話に寄り添うことが重要です。,聞き上手な男性というのは、ただ話を聞いてくれるだけでなく、自然に話をしたい気持ちにさせる男性のことです。,聞き上手というのは、しっかり話を聞いてくれる上に、話をしたい気持ちにさせてくれるものです。,nodata,,
,,,,,/p,,,,,,
,,,,,p,,,,,,
,,,,,ch,こう書くと、聞き上手って難しいと思うかもしれませんが、そんなことはありません。,何だか難しそうな印象を受けるかもしれませんが、実際にやるのは簡単です。,「どういうこと？」と思う方もいるかもしれませんが、やることは非常にシンプルです。,一見難しそうに聞こえるかもしれませんが、出会い系のメールや会話ではとても簡単に実行できます、,,
,,,,,ch,以下の5つのコツを真似するだけでいいんです。,こちらの５つのポイントを守るだけでできるんです。,この５つのポイントを遵守すれば、誰でも聞き上手になって<!--keyword-adj--><!--sefure-->が作れます。,たった５つのコツを実行すれば、聞き上手になって<!--keyword-adj--><!--sefure-->とセックスができます、,,
,,,,,ch,とても簡単です。,非常にシンプルです。,何も難しくありません。,nodata,,
,,,,,/p,,,,,,
,,,,,h3,聞き上手になるための5つのコツ,誰でも聞き上手になれる５つのポイント,聞き上手になって<!--can-make-sefure-->５つのコツ,５つの聞き上手になるためのテクニック,,
,,,,,ch,<ol><!--s-heading-2-list--></ol>,,,,,
,,,,,p,,,,,,
,,,,,ch,この５つのポイントが完璧にこなせれば、<!--keyword-h-->だけでなくどんな女性とでも仲良くなることができます。,これさえできれば<!--keyword-adj--><!--woman-->と仲良くなって、最終的には<!--sefure-->にできます。,この５つのコツを守れば、聞き上手になれて女性の印象が確実に良くなります。,この５つを実行することで、「聞き上手でモテる男性」になることができます。,,
,,,,,/p,,,,,,
,/st,,,,,,,,,,
,sh,,,,,,,,,,
,,st,,,,,,,,,
,,,,,h4,<!--serial-num-c-1-->いろんなバリエーションの相槌でリアクションする<!--s-heading-2-->,<!--serial-num-c-1--><!--keyword-h-->が会話をしたくなる相槌を打とう<!--s-heading-2-->,<!--serial-num-c-1-->相槌は<!--sefure-->との会話の潤滑液<!--s-heading-2-->,<!--serial-num-c-1-->相槌とリアクションで会話を弾ませよう<!--s-heading-2-->,,
,,,,,p,,,,,,
,,,,,ch,相手の<!--keyword-h-->がメールや実際の会話で何か話をした時、こちらが何も反応しないと、ちゃんと聞いているのか相手は不安になるし、楽しくありません。,出会い系サイトのメールでも、実際に会って会話するときでも、相手が反応をしないとあまり会話は弾みません。,特に相手の顔が見えないメールを使った会話では、相手が自分の話を聞いているか、楽しんでくれているのかわからないことが多いです。,出会い系でのメール経由の会話では、相手の反応がよくわからないので、反応をしないとメールが途切れることもあります。,,
,,,,,ch,逆に、うまい相槌を打つと、相手の女性は嬉しくなって、どんどん話すようになります。,そこで相槌を打ってあげると、相手の女性は楽しく会話することができるようになります。,そんな時にうまく相槌を打てば、会話を引き出すことができます。,そこで相手の<!--keyword-h-->の話を引き出して楽しい気持ちにさせるには相槌が有効です。,,
,,,,,ch,うまい相槌を打つことで聞き上手になれるんです。,上手な相槌は聞き上手になるために必須です。,nodata,nodata,,
,,,,,/p,,,,,,
,,,ch,,,,,,,,
,,,,st,,,,,,,
,,,,,p,,,,,,
,,,,,ch,そのために使えるのが「さしすせそ」の相槌です。,簡単に使える相槌のテクニックに「さしすせそ」の相槌があります。,,,,
,,,,,/p,,,,,,
,,,,,p,,,,,,
,,,,,ch,「さしすせそ」の相槌,,,,,
,,,,,/p,,,,,,
,,,,,ch,<ul><li>さ → さすがです</li>,<ul><li>さ → 流石ですね</li>,,,,
,,,,,ch,<li>し → 知らなかったです</li>,<li>し → 知りませんでした</li>,,,,
,,,,,ch,<li>す → 素敵です</li>,<li>す → 素敵ですね</li>,,,,
,,,,,ch,<li>せ → センスいいです</li>,<li>せ → センスいいですね</li>,,,,
,,,,,ch,<li>そ → そうですね</li></ul>,<li>そ → そうですよね</li></ul>,,,,
,,,,,p,,,,,,
,,,,,ch,この相槌は、特に相手の<!--keyword-h-->に気持ちよく話させる効果があります。,簡単ですが、この「さしすせそ」の相槌だけで<!--keyword-h-->の会話を引き出すことができます。,,,,
,,,,,/p,,,,,,
,,,,/st,,,,,,,
,,,,st,,,,,,,
,,,,,p,,,,,,
,,,,,ch,そこで利用できるのが「あいうえお」の相槌です。,そんな時に使いたいのが「あいうえお」の相槌のやり方です。,,,,
,,,,,/p,,,,,,
,,,,,ch,<ul><li>あ → あ〜</li>,<ul><li>あ → あ〜〜！</li>,,,,
,,,,,ch,<li>い → いいですね</li>,<li>い → いいですねえ</li>,,,,
,,,,,ch,<li>う → うんうん</li>,<li>う → うん、うん</li>,,,,
,,,,,ch,<li>え → えっ！？</li>,<li>え → えっっ？</li>,,,,
,,,,,ch,<li>お → お～！</li></ul>,<li>お → お～〜！</li></ul>,,,,
,,,,,p,,,,,,
,,,,,ch,この相槌を打つと、相手の<!--keyword-h-->からはこちらが相手の話に興味があるように見えるので、どんどん会話が進んでいきます。,相手のメールや会話での発言の後に、この相槌を返せば、興味を持って聞いているアピールができます。,,,,
,,,,,/p,,,,,,
,,,,/st,,,,,,,
,,,,st,,,,,,,
,,,,,p,,,,,,
,,,,,ch,そんな時に使いたいのが、「へそ馬」の相槌です。,<!--keyword-l-->との<!--ya#2#メール#デート中の会話#ya-->で使えるのがこの相槌です。,,,,
,,,,,/p,,,,,,
,,,,,ch,<ul><li>ヘ → へぇ～</li>,<ul><li>ヘ → へえ～〜</li>,,,,
,,,,,ch,<li>ソ → そうなんですね</li>,<li>ソ → そうなんですか？</li>,,,,
,,,,,ch,<li>う → ウソ！</li>,<li>う → ウソ！？</li>,,,,
,,,,,ch,<li>ま → マジで？</li></ul>,<li>ま → マジですか！？</li></ul>,,,,
,,,,,p,,,,,,
,,,,,ch,この相槌はリアクション大きめなので、相手の<!--keyword-h-->は会話に勢いがついてきて、話が弾みます。,相手の発言の後でこの相槌（リアクション）を返すと、相手の<!--keyword-h-->は話すのが楽しくなって会話がどんどん進みます。,,,,
,,,,,/p,,,,,,
,,,,/st,,,,,,,
,,,,st,,,,,,,
,,,,,p,,,,,,
,,,,,ch,そういう時に是非使って欲しいのが、この「屁はナス」の相槌です。,<!--keyword-h-->との<!--ya#2#メール#会話#ya-->で使えるのが、この「屁はナス」の相槌です。,,,,
,,,,,/p,,,,,,
,,,,,ch,<ul><li>屁 → へぇ～</li>,<ul><li>屁 → へぇ～</li>,,,,
,,,,,ch,<li>は → はいはい</li>,<li>は → はいはい</li>,,,,
,,,,,ch,<li>ナ → なるほどです</li>,<li>ナ → なるほどです</li>,,,,
,,,,,ch,<li>ス → すごいですね</li></ul>,<li>ス → すごいですね</li></ul>,,,,
,,,,,p,,,,,,
,,,,,ch,この相槌は、適度に相手を褒めながら、楽しく会話させるので、<!--keyword-l-->に限らず女性には効果的です。,会話の中でこんな感じで相槌を打てば、そのリアクションで相手は会話が進めやすくなってドンドン会話が続きます。,,,,
,,,,,/p,,,,,,
,,,,/st,,,,,,,
,,,/ch,,,,,,,,
,,,,,p,,,,,,
,,,,,ch,ここでご紹介した相槌では敬語の形になっているものもありますが、仲良くなってタメ口（友達口調）で話せるようになれば、友達口調に変換して使います。,上でご紹介している相槌で敬語の部分もありますが、メールが続いて仲良くなれば敬語から友達口調に自然に移行していきましょう。,相槌の例文の中で一部敬語のところもありますが、<!--ya#2#メール#会話#ya-->の言葉がタメ口に移った後は、そこもタメ口に変換して使ってください。,相槌の中で敬語とたま口が混ざっている部分もありますが、そこは現時点での口調と合わせて使ってください。,,
,,,,,/p,,,,,,
,,/st,,,,,,,,,
,,st,,,,,,,,,
,,,,,h4,<!--serial-num-c-1-->会話ではアドバイスよりも共感が大事<!--s-heading-2-->,<!--serial-num-c-1--><!--keyword-h-->が欲しいのはアドバイスではなく共感<!--s-heading-2-->,<!--serial-num-c-1-->男女の会話ではアドバイスよりも共感です<!--s-heading-2-->,<!--serial-num-c-1--><!--keyword-h-->へのアドバイスは極力控えよう<!--s-heading-2-->,,
,,,,,p,,,,,,
,,,,,ch,<!--to#2#男性#女性#to-->では会話に求めるものが違います。,会話において、<!--ya#2#メール#会話#ya-->では目的が異なります。,nodata,nodata,,
,,,,,ch,男性にとって会話は問題解決の手段ですが、女性は会話自体が目的です。,男性は問題を解決する手段として会話を使いますが、女性は会話をすること自体が目的です。,男性は何かの目的があって手段として会話をしますが、女性は会話それ自体が目的になっています。,何か目的を達成するための手段として男性が会話するのと異なり、女性は会話すること自体が目的です。,,
,,,,,ch,女性はコミュニケーションの生き物ですから。,コミュニケーション自体を大事にするのが女性ですからね。,nodata,nodata,,
,,,,,/p,,,,,,
,,,,,p,,,,,,
,,,,,ch,そのため、<!--keyword-h-->とのメールやリアルでの会話では相手にアドバイスするのではなく、共感してあげると、相手はこちらに好感を抱きます。,そういうこともあって、出会い系サイトで<!--keyword-h-->と会話する時には、会話の中で女性に「共感」を示すと会話がうまくいきます。,そのため、出会い系に限らず女性との会話では論理よりも「共感」を相手に伝えるようにして話をすると、相手の女性からの印象が良くなります。,それを考えると、<!--keyword-adj--><!--sefure-->を探す場合に限らず、会話の相手が女性の場合には会話の筋道よりも、相手に共感してあげることを重視すると、好意を持ってもらえます。,,
,,,,,ch,逆にいうと、共感するだけでOKです。,極端な話、共感しさえすれば、話の中身はなんでも構わないとも言えます。,共感だけしておけば、会話の内容は問わない、と言ってもいいかもしれません。,女性に共感しさえすればそれでいいです。,,
,,,,,ch,下手にアドバイスなんてすると、「気持ちがわかってない」とか言われます。,先を急いでアドバイスしたりすると、理解のない男だと思われることもあります。,アドバイスしたりすると、機嫌を損ねてメールが来なくなることもあります。,nodata,,
,,,,,ch,驚く方もいらっしゃるかもしれませんが、実際そうなんです。,「そんな<!--ya#1#わけ#はず#こと#ya-->ないよ」と思うかもしれませんが、それでうまくいくんです。,nodata,nodata,,
,,,,,ch,そのことは、こちらの<a href=#https://yakb.net/man/128.html#>マンガで分かる心療内科</a>でも詳しく説明されています。,これは男女の器質的な差で、<a href=#https://yakb.net/man/128.html#>マンガで分かる心療内科</a>でも紹介されています。,nodata,nodata,,
,,,,,/p,,,,,,
,,,,,p,,,,,,
,,,,,ch,ですから、<!--sefure-candidate-a--><!--keyword-h-->と会話する際には、アドバイスや解決策よりも、とにかく相手の話を聞いて、共感の気持ちを伝えましょう。,ということで、<!--want-to-be-sefure-->女性と会話する時には共感の気持ちを言葉にしてはっきりと伝えるとgoodです。,出会い系サイトで知り合った<!--sefure-candidate-a-->エッチな女性とメールする場合も、共感をこれでもかと盛り込んでやり取りすると長続きします。,出会い系で知り合った<!--keyword-l--><!--be-sefure-->には、メールの会話の中に共感のセリフをたっぷりと盛り込みましょう。,,
,,,,,ch,それでその相手の女性と仲良くなれて、デートに誘ったりセックスしたりできます。,それができれば、関係も深まって<!--making-sefure-->も捗ります。,nodata,nodata,,
,,,,,ch,共感というと難しいようですが、この2つの言葉を使うだけでOKです。,「共感」というと、一見難しそうに見えますが、たった２つのワードを使うだけなので簡単です。,共感を伝えるのはとても簡単で、以下の２つの言葉を使えばいいんです。,共感の気持ちを相手の<!--keyword-h-->に伝えるのは非常に簡単なことです。,,
,,,,,/p,,,,,,
,,,,,p,,,,,,
,,,,sh,,,,,,,
,,,,,ch,「大変だね」,「大変だね〜」,「それは大変だね」,「大変だね」,,
,,,,,ch,「大丈夫？」,「大丈夫？？」,「大丈夫？」,,,
,,,,/sh,,,,,,,
,,,,,ch,たったこれだけです。,シンプルにこれだけです。,この２語を使うだけでいいんです。,これだけの簡単な作業です。,,
,,,,,/p,,,,,,
,,,,,p,,,,,,
,,,ch,,,,,,,,
,,,,st,,,,,,,
,,,,,ch,相手の女性との会話で、例えば「PCが調子悪い」みたいな話だった場合は、,もしも、相手の女性から「パソコンが壊れたかも」みたいなメールが来たら、,,,,
,,,,,ch,「どんなエラーが出てる？」とか,「具体的にどんな症状？」とか,,,,
,,,,,ch,「最近何か設定いじった？」,「何か新しいアプリ入れた？」,,,,
,,,,,ch,みたいに現実的な会話をしてはいけません。,のように、アドバイスなどすると機嫌を損ねます。,,,,
,,,,,ch,「パソコン動かないんだ？大変だね」,「PC動かないの？それは本当に大変だね」,,,,
,,,,,ch,「使えないと困るよね、大丈夫？」,「それじゃ仕事できないよね、大丈夫？？」,,,,
,,,,,ch,みたいに、共感の言葉だけで十分です。,というように、共感の言葉で癒してあげることが重要です。,,,,
,,,,/st,,,,,,,
,,,,st,,,,,,,
,,,,,ch,例えば、相手の<!--keyword-h-->がメールの会話の中で残業で疲れた話をした場合など、,メールの会話の中で、相手の女性が「残業だった」みたいな話の場合、,,,,
,,,,,ch,「残業？それは本当に大変だったね」とか、,「残業だったんだ？大変だね」とか,,,,
,,,,,ch,「残業だったんだ？疲れたよね。大丈夫？」,「残業してたの？疲れたんじゃない？大丈夫？」,,,,
,,,,,ch,みたいな形で返信をします。,みたいに返します。,,,,
,,,,/st,,,,,,,
,,,/ch,,,,,,,,
,,,,,/p,,,,,,
,,,,,p,,,,,,
,,,,,ch,一見、何も話が進んでいないようですが、これでいいんです。,女性相手、特に出会い系での出会いで<!--keyword-h-->と話す場合はこれで十分です。,nodata,nodata,,
,,,,,ch,これで、相手の女性はこちらが自分に共感して労ってくれていると感じて、こちらに対して好感を抱くようになります。,こうやって共感の言葉を伝えさえすれば、相手の女性はこちらを理解者だと思って好意を持つようになります。,問題解決のためのアドバイスではなく、共感して気持ちを共有してあげることで、相手はこちらに好印象を持つんです。,アドバイスではなく、甘い共感の言葉こそが相手の<!--keyword-h-->との距離を縮めます。,,
,,,,,ch,これはどんな会話でも応用できるので簡単です。,この共感の言葉はメールだけじゃなくて、実際に会った時の会話でも使えます。,アドバイスは考えないといけないけど、共感は楽です。,これはどういう場合でも女性との会話では使えるので、覚えておいてください。,,
,,,,,ch,たった２つの言葉なので、覚えやすいと思います。,<!--to#2#「大丈夫？」#「大変だね」#to-->の２つだけなので、簡単に覚えられますよね。,nodata,nodata,,
,,,,,/p,,,,,,
,,,,,p,,,,,,
,,,,,ch,この他に応用編の共感ワードとしては、<!--no_dot#4#「困ったね」#「きついね」#「辛かったね」#「心配だよね」#no_dot-->などがあるので、そちらも使えるようであれば使ってみてください。,共感のワードとしては、上で紹介した２つ以外にも<!--no_dot#4#「困ったね」#「きついね」#「辛かったね」#「心配だよね」#no_dot-->などがあります。,<!--keyword-l-->との出会いメールで使える共感の言葉は、他にも<!--no_dot#4#「困ったね」#「きついね」#「辛かったね」#「心配だよね」#no_dot-->などあるので、こちらもよければ使ってみてください。,<!--keyword-h-->に共感して印象を良くするための言葉には<!--no_dot#4#「困ったね」#「きついね」#「辛かったね」#「心配だよね」#no_dot-->などもあるので、こちらもどうぞ。,,
,,,,,ch,こちらの共感ワードも相槌みたいなものなので、どこでも使えると思います。,女性を労わる言葉なので、使いやすいと思います。,nodata,nodata,,
,,,,,/p,,,,,,
,,,ch,,,,,,,,
,,,,,,nodata,,,,,
,,,,st,,,,,,,
,,,,,p,,,,,,
,,,,,ch,なお、アドバイスはしないのが基本ですが、相手の女性が「どうしたらいいと思う？」みたいに敢えてアドバイスを求めてきたときは別です。,なお、出会い系でのメールではアドバイスをしない方がいいのですが、相手の<!--keyword-h-->が具体的にアドバイスが欲しいと言ってきたときは話が違います。,,,,
,,,,,ch,その時には親身になって考えて、最大限のアドバイスをしましょう。,精一杯考えて、ベストだと思うアドバイスをしてください。,,,,
,,,,,ch,それでその<!--keyword-h-->のこちらへの信頼度が大幅アップします。,そうすればもう一段階好感度が上がります。,,,,
,,,,,/p,,,,,,
,,,,/st,,,,,,,
,,,/ch,,,,,,,,
,,/st,,,,,,,,,
,,st,,,,,,,,,
,,,,,h4,<!--serial-num-c-1-->おうむ返しで聞いてるよアピール<!--s-heading-2-->,<!--serial-num-c-1-->おうむ返しはしっかり聞いている証拠<!--s-heading-2-->,<!--serial-num-c-1-->おうむ返しで<!--keyword-h-->は安心して会話できる<!--s-heading-2-->,<!--serial-num-c-1-->おうむ返しで<!--keyword-h-->とのメールの会話をスムーズに<!--s-heading-2-->,,
,,,,,p,,,,,,
,,,,,ch,ネット経由の<!--ya#2#メール#SNS#ya-->での会話では、お互いの顔が見えないので相手が自分の話をちゃんと聞いているか不安になることがあります。,メールで会話をしていると、相手の顔がわからないし、頷くなどのリアクションも見えないので、話を聞いてくれているかよく分かりません。,出会い系に限らず、<!--ya#2#メール#SNS#ya-->などでの会話では相手の顔が見えないので、話を聞いているかなかなか判断できません。,メールのやり取りなど、顔が見えない会話では、お互いの顔が見えないのでリアクションが分かりません。,,
,,,,,ch,出会い系サイトで知り合った<!--keyword-l-->との会話では特にそうです。,<!--making-sefure-->などのエッチな出会いの場合を探す場合は、その傾向がさらに強くなります。,nodata,nodata,,
,,,,,ch,<!--keyword-adj--><!--sefure-->候補の女性とのメールでの会話の中で、それをうまく解決してくれるのがおうむ返しです。,<!--ya#2#メール#SNS#ya-->での会話でのリアクション問題を解決してくれるのが、おうむ返しのテクニックです。,そんな<!--keyword-h-->との会話の中で、おうむ返しを使えば、「聞いてるよ」というアピールができます。,そんな時に、おうむ返しを使えばその問題は解決します。,,
,,,,,ch,おうむ返しというのは、鳥のオウムのように相手の言ったことを繰り返すことです。,ちなみに、おうむ返しとは、鸚鵡のように相手の発言を繰り返すことを言います。,nodata,,,
,,,,,ch,このおうむ返しテクも簡単に使えるので、気軽に試してみてください。,nodata,nodata,,,
,,,,,/p,,,,,,
,,,,,p,,,,,,
,,,,,ch,例えば、メールでの会話ではこんな感じになります。,具体的には、こんな形で使います。,<!--ya#2#メール#SNS#ya-->での会話で使う場合はこういう感じです。,<!--ya#2#メール#SNS#ya-->での会話で使うとこういうイメージです。,,
,,,,,/p,,,,,,
,,,ch,,,,,,,,
,,,,st,,,,,,,
,,,,,p,,,,,,
,,,,,ch,「◯さんって、休みの日は何してるんですか？」,「お仕事がお休みの日とかは何をして過ごしてるんですか？」,,,,
,,,,,ch,「<!--toka#2#映画#ビデオ#toka-->観てますね」,「自宅で<!--toka#2#映画#ビデオ#toka-->を観てます。あと映画観に行ったりとか」,,,,
,,,,,ch,「<!--toka#2#映画#ビデオ#toka-->観てるんですね。ぼくも映画よく観ます。好きな映画とかあります？」,「<!--toka#2#映画#ビデオ#toka-->ですか。ぼくもよく観てます。特に好きな作品とかありますか？」,,,,
,,,,,ch,「私、『最高の人生の見つけ方』が好きです」,「モーガン・フリーマンの『最高の人生の見つけ方』かな」,,,,
,,,,,ch,「『最高の人生の見つけ方』ですか。ぼくも好きです。映画は彼氏と観に行くんですか？」,「『最高の人生の見つけ方』ですか！！いいですね。泣けますよね。映画は彼氏さんと観に行ってるんですか？」,,,,
,,,,,ch,「彼氏は今いないですよ〜」,「恥ずかしながら、今は彼氏はおりません笑」,,,,
,,,,,/p,,,,,,
,,,,,p,,,,,,
,,,,,ch,こんな感じで、相手の<!--keyword-h-->の発言を繰り返します。,こうやって、おうむ返しをうまく使って会話を進めます。,,,,
,,,,,ch,なお、この例文では最後に彼氏がいるかどうか聞いています。,ちなみに、この文例では最後に彼氏の有無を確認しています。,,,,
,,,,,ch,会話に勢いがついてくると、こうやって自然に個人情報を聞き出せます。,いい感じで会話が進んでいると、プライベートなことなどもこうやって聞き出せたりします。,,,,
,,,,,/p,,,,,,
,,,,/st,,,,,,,
,,,,st,,,,,,,
,,,,,p,,,,,,
,,,,,ch,「食べ物ではどんなものが好きなの？」,「食べ物では何が好き？」,,,,
,,,,,ch,「私は<!--toka#2#パスタ#ピザ#toka-->が好きだよ」,「イタリアンが好きかな。<!--toka#2#パスタ#ピザ#toka-->」,,,,
,,,,,ch,「<!--toka#2#パスタ#ピザ#toka-->が好きなんだ？美味しいよね。お酒は飲むの？」,「<!--toka#2#パスタ#ピザ#toka-->が好きなんだね。ぼくも好きだよ。お酒も好き？」,,,,
,,,,,ch,「お酒結構好きだよ」,「私お酒も好きな方かな」,,,,
,,,,,ch,「お酒好きなんだ？俺も結構飲むよ。お酒強いの？」,「◯さん、お酒好きなんだね。ぼくも結構飲む方だよ。お酒には強い？」,,,,
,,,,,ch,「私かなり強いよ。一緒に飲んでみる？」,「学生時代に鍛えられたから、かなり強いよ！お酒呑み行く？」,,,,
,,,,,/p,,,,,,
,,,,,p,,,,,,
,,,,,ch,という感じです。,みたいな感じで、おうむ返しを入れて会話します。,,,,
,,,,,ch,※ この例文では、最後で女性から呑みに誘っていますが、自然に会話が流れるとこういうこともあります。,※ この会話例では、最後に呑みに行く話になりますが、お酒の話題だとこういう展開も稀にあります。,,,,
,,,,,/p,,,,,,
,,,,/st,,,,,,,
,,,/ch,,,,,,,,
,,,,,p,,,,,,
,,,,,ch,こんな感じで、おうむ返しをすると、相手の女性はこちらが話を聞いていることが確認できるので、どんどん話を続けていきます。,こうやって、その前に相手の<!--keyword-h-->が言ったことを繰り返して書くだけで、うまく会話が進んでいきます。,この例文のように、おうむ返しを自然に入れながら会話をしていくと、メールは途切れずに続いていきます。,こんな感じでおうむ返しを入れながら会話をしていけば、自然に仲良くなって、実際に会うこともできます、,,
,,,,,ch,ただ、相手が言っていることを繰り返しているだけです。,相手の発言をほぼ同じでリピートするだけの作業です。,nodata,nodata,,
,,,,,ch,上記の例文では相手の答えに対して次の新たな質問を入れていますが、質問をしなくても女性が勝手に会話を進めていく場合もあります。,おうむ返しだけだと話が進まない場合もあるので、適宜次の質問も入れていくとメールのやり取りがうまく続きます。,おうむ返しや更なる質問を入れて、相手のことを色々聞き出してみましょう。,質問やおうむ返しをうまく取り入れてメールをして、相手の<!--keyword-h-->の情報をいろいろ質問しましょう。,,
,,,,,/p,,,,,,
,,,,,p,,,,,,
,,,,,ch,ただ、おうむ返しばかりだと相手の女性から「この人バカ？」と思われてしまうので、乱用注意です。,なお、毎回おうむ返しだと、さすがにバレてしまうので、ほどほどにしたほうがいいです。,さすがに全部おうむ返しすると、逆に話を聞いていないと思われるので気をつけてください。,ただし、全部おうむ返しだとアホだと思われるので、全部おうむ返しではいけません。,,
,,,,,ch,おうむ返しするのは、会話のうち半分ぐらいが妥当です。,返信の半分くらいはおうむ返しなしでもいいと思います。,nodata,,,
,,,,,/p,,,,,,
,,/st,,,,,,,,,
,,st,,,,,,,,,
,,,,,h4,<!--serial-num-c-1--><!--keyword-h-->に自慢話はNG<!--s-heading-2-->,<!--serial-num-c-1--><!--keyword-adj--><!--sefure-->候補に自慢話はしないほうがベター<!--s-heading-2-->,<!--serial-num-c-1-->自慢話では<!--keyword-adj--><!--sefure-->は作れません<!--s-heading-2-->,<!--serial-num-c-1--><!--making-sefure-->で自慢話は逆に好感度ダウン<!--s-heading-2-->,,
,,,,,p,,,,,,
,,,,,ch,男性が気になる女性と会話する場合、自分のスゴさを見せつけたくて自慢話ばかりしてしまうこともあります。,男性の中には、女性と話すときにアピールとして自慢話をする人もいます。,気になる<!--keyword-h-->を落とすために、自慢話をして自分の魅力を伝えようとする方もいらっしゃるかもしれません。,<!--keyword-adj--><!--sefure-->を作るために、女性に自慢話をしている方はいませんか？,,
,,,,,ch,しかし、これは絶対にやってはいけないミスです。,しかし、出会い系で<!--make-sefure-->場合に限らず、女性に自慢話は鬼門です。,しかし、自慢話をしてもその女性<!--be-sefure-->ことはできません。,残念ながら、自慢話をしてもすごいと思う女性はいません。,,
,,,,,ch,自慢話は、魅力をアピールするどころか、マイナスの印象しか与えません。,自慢話をすると、すごさは伝わらず、逆にウザさだけが印象に残ることになります。,nodata,nodata,,
,,,,,/p,,,,,,
,,,,,p,,,,,,
,,,,,ch,私がこれまで出会い系で出会った５０人以上の女性に聞いた中でも、自慢話をしてくる男性ほどウザいものはないということでした。,<!--sefure-->も含めて、私が今まで出会い系でセックスしてきた女性に聞いた話では、自慢話をする男性はただウザいだけ、と言っていました。,ネットの<!--ya#2#掲示板#SNS#ya-->で、出会い系を利用している女性の声を見ると、出会い系で自慢話をしてくる男性は直ちに切るという声がほとんどです。,これまで私が出会い系で実際に会った女性50人以上の話でも、長々と自慢話する男とは会わないという声が多かったです。,,
,,,,,ch,女性だけでなく、男性にとっても自慢話ほど鬱陶しいものはないですよね。,実際、<!--keyword-l-->に限らず、男性の立場でも他人の自慢話はウザいし聞きたくないですよね。,同じ男性からしても、<!--ya#2#知人#上司#ya-->の自慢話にはウンザリしますよね。,nodata,,
,,,,,/p,,,,,,
,,,,,p,,,,,,
,,,,,ch,ですから、出会い系サイトで<!--keyword-adj--><!--sefure-->を探す場合にも、会話の中で自慢話をしてはいけません。,そのため、出会い系サイトを使って<!--keyword-adj--><!--woman-->を<!--sefure-->にしようとする際にも、自慢話は決してしないようにしましょう。,ですから、特に<!--keyword-h-->の<!--sefure-->を探している方は、<!--ya#2#メール#会話#ya-->の中で自慢話をしないようにしてください。,本当に<!--keyword-adj--><!--sefure-->が欲しいのであれば、<!--ya#2#メール#会話#ya-->で自慢話をしたいのをグッと我慢してください。,,
,,,,,ch,自慢話をしても、何のプラスにもなりません。,自慢話では<!--making-sefure-->のプラスには働きません。,出会い系での出会いや<!--making-sefure-->では、自慢話はマイナスにしかなりません。,nodata,,
,,,,,ch,もしもメールの段階で自慢話をした場合、それ一発でメールがもう来なくなる可能性も高いです。,自慢話をしただけで、メールが来なくなって一発アウトの可能性もあります。,nodata,nodata,,
,,,,,/p,,,,,,
,,,ch,,,,,,,,
,,,,st,,,,,,,
,,,,,p,,,,,,
,,,,,ch,自分の口で自慢するのではなく、言葉以外で自分の魅力をアピールする方がかっこいいです。,自慢話をして自分の魅力をPRするのではなく、行動で自然にわかるようにした方が<!--can-make-sefure-->確率は上がります。,,,,
,,,,,ch,<!--ya#3#頭がいい人#エリート#お金持ち#ya-->は、自分で自慢しなくてもそのことは相手に伝わります。,<!--toka#2#頭がいい人#エリート#お金持ち#物知り#イケメン#toka-->だということは、自慢話をしなくてもそのうち相手の<!--keyword-h-->に伝わるものです。,,,,
,,,,,ch,普通に<!--ya#2#メール#会話#ya-->をしているうちに、必ずあなたの魅力は相手の<!--keyword-h-->に伝わるので、焦って自慢話をする必要はありません。,ですから、あえて自慢話をして自身の印象を悪くするのは損です。,,,,
,,,,,ch,それよりも、楽しい会話をすることを心がけましょう。,そうではなくて、相手の<!--keyword-h-->が楽しめるような楽しい会話をする方がセックスには近づきます。,,,,
,,,,,/p,,,,,,
,,,,/st,,,,,,,
,,,,st,,,,,,,
,,,,,p,,,,,,
,,,,,ch,<!--dot#2#一流大学を出ているとか#たくさんお金を稼いでるとか#dot-->いう場合でも、自分の口から自慢話として出る限り、相手の女性は絶対にすごいとは思いません。,自分の口から<!--dot#3#頭がいいとか#お金持ちだとか#物知りだとか#dot-->言っても何の信憑性もないし、聞いている女性は何も楽しくありません。,,,,
,,,,,ch,単純に面倒臭い男だと思われるだけです。,nodata,,,,
,,,,,ch,そうではなく、普通の会話の中で自分のスゴさを肌で感じさせて、「ひょっとして<!--ya#3#高学歴#エリート#お金持ち#ya-->なの？」みたいに相手が聞いてきたときに、「え？まあ、そうだけど、全然大したことないから気にしないで」とさりげなく答えるくらいがクールです。,そうではなくて、行動などでそれとなく自分の魅力をアピールして、相手の<!--keyword-h-->が「ひょっとして<!--ya#3#頭がいい人#エリート#お金持ち#ya-->？」みたいに訪ねてきたときに、「まあ、大したことないよ（笑）」みたいに答えると、自慢話よりも逆にスゴさをアピールできます。,,,,
,,,,,/p,,,,,,
,,,,/st,,,,,,,
,,,/ch,,,,,,,,
,,/st,,,,,,,,,
,/sh,,,,,,,,,,
,st,,,,,,,,,,
,,,,,p,,,,,,
,,,,,ch,この４つのポイントがしっかりやれれば、かなり高い確率で仲良くなることができます。,以上４つのの出会い系での会話のコツが実行できれば、メールの相手と仲良くなれます。,ここまでにご紹介したメールの会話のためのポイント４つをある程度実行できれば、<!--sefure-candidate-a-->女性と簡単に仲良くなることができます。,上で説明した４つのポイントを頭に入れて<!--ya#2#メール#会話#ya-->をすれば、すぐに相手の<!--keyword-h-->といい感じになれるはずです。,,
,,,,,ch,そこからデートに誘って実際に会うのもスムーズにできると思います。,もうリアルで会うのも難しくはありません。,そのままの流れで、デートの約束をして会うところまで行けるでしょう。,nodata,,
,,,,,ch,<!--keyword-h-->と仲良くなる会話やデートに誘う方法などを知りたい方は、<!--ya#2#<a href=##>出会い系の会話のコツ</a>#<a href=##>デートに誘う会話例文</a>#ya-->などを参考にしてみてください。,出会い系のメールで<!--keyword-h-->を攻略する方法についてもっと詳しく知りたい方は、<!--ya#3#<a href=##>出会い系の会話のコツ</a>#<a href=##>デートに誘う会話例文</a>#<a href=##>エロ話を始めるテクニック</a>#ya-->などを参照してください。,当サイトでは<!--ya#3#<a href=##>出会い系の会話のコツ</a>#<a href=##>デートに誘う会話例文</a>#<a href=##>エロ話を始めるテクニック</a>#ya-->などの例文も掲載しているので、よかったらそちらも参考にどうぞ。,nodata,,
,,,,,ch,ここまでくれば、<!--keyword-adj--><!--sefure-->ができるまであと一歩です。,セックスして<!--become-sefure-->のももう直ぐです。,もう一段階がんばれば、<!--keyword-adj--><!--sefure-->ができるでしょう。,あと一踏ん張りで、<!--keyword-adj--><!--sefure-->が作れます。,,
,,,,,/p,,,,,,
,/st,,,,,,,,,,
,st,,,,,,,,,,
,,,,,h2,<!--lw-step-3rd--> <!--keyword-l-->とセックスして<!--be-sefure-a-->,<!--lw-step-3rd--> <!--keyword-h-->と実際に会って、セックスして満足させよう,<!--lw-step-3rd--> <!--keyword-adj--><!--sefure-->候補とセックスして満足させる,<!--lw-step-3rd--> <!--keyword-h-->とセックスして、満足させたら<!--sefure-->完成！,,
,,,ch,,,,,,,,
,,,,,,nodata,,,,,
,,,,st,,,,,,,
,,,,,p,,,,,,
,,,,,ch,ここまでの<!--lw-step-word-->で出会い系で<!--keyword-adj--><!--woman-->と知り合って、仲良くなるところまで説明しました。,これまで解説してきた２つの<!--lw-step-word-->で出会い系で出会った女性と実際に会うところまではいけます。,,,,
,,,,,ch,あとはセックスして<!--be-sefure-a-->だけです。,次は、セックスをして、そして<!--be-sefure-a-->過程になります。,,,,
,,,,,ch,<!--keyword-adj--><!--woman-->とのセックスだけで良くて、<!--sefure-->にしなくてもいいというのであれば、最後の工程はやらなくてもOKです。,<!--sefure-->にしなくても良くて、<!--keyword-l-->とセックスできればそれでいいという方は、最後の段階は飛ばしても大丈夫です。,nodata,,,
,,,,,/p,,,,,,
,,,,/st,,,,,,,
,,,/ch,,,,,,,,
,,,,,p,,,,,,
,,,,,ch,出会い系サイトにはいろいろなタイプの女性がいます。,出会い系サイトで出会いを探している女性の中にも、実際には色々な女性がいます。,一言で出会い系を利用している女性といっても、実はその中身は様々です。,出会いを求めて出会い系サイトを利用している<!--keyword-l-->も、実はさらに細かく分類できます。,,
,,,,,ch,<!--ya#3#本気で恋人を探している人#寂しいから男性と会いたい人#誰でもいいからセックスしたい人#割り切りがしたい人#ya-->などその他にもいろんな出会いの形を求めています。,<!--ya#3#本気で彼氏を探している<!--woman-n-->#寂しいから男性と会いたい<!--woman-n-->#誰でもいいからすぐセックスしたい<!--woman-n-->#援助交際がしたい<!--woman-n-->#ya-->などいろいろです。,nodata,,,
,,,,,ch,中にはプロフィールや掲示板の段階から<!--ya#2#<!--sefure-->#セックスの相手#ya-->を探しているという女性もいますが、それは本当にレアケースです。,しかし、最初から「<!--sefure-->が欲しい」と<!--ya#2#掲示板#プロフィール#ya-->にはっきり書いている女性はほんの僅かしかいません。,しかし、「<!--sefure-->募集」と<!--ya#2#掲示板#プロフィール#ya-->に明記している女性はかなり少ないです。,ところが、<!--ya#2#掲示板#プロフィール#ya-->に「<!--sefure-->を探してます」みたいにはっきり記入している女性は実際はそう多くありません。,,
,,,,,ch,正面切って「<!--sefure-->募集」と書くのは「はしたない」と思っているのかもしれませんね。,<!--want-sefure-->と思っても、女性がそんなことを書くのは憚られるんでしょうね。,nodata,自分のエロさをさらけ出すのが恥ずかしいのかもしれませんが。,,
,,,,,ch,※最初からセックス前提だと書いている女性には、業者や割り切り目的の人が多いので注意。,※アダルト掲示板で「<!--sefure-->募集」と書いている女性には業者が多いので要注意です。,nodata,,,
,,,,,/p,,,,,,
,,,,,p,,,,,,
,,,,,ch,実際にはほとんどの女性は、まずはメールのやり取りで仲良くなって、それからセックスします。,<!--toka#2#セックスがしたい#<!--want-sefure-->#toka-->と考えている<!--keyword-h-->でも、最初はそれを表に出さず、メールで仲良くなったらエロさを出してセックスする、というケースが多いです。,セックスしたいけど最初は普通っぽく出会って、仲良くなって会ってみたら簡単にセックスを許す、という女性が非常に多いです。,本気で<!--want-sefure-->女性でも、最初はそれを隠してやり取りして、自分からは誘わないけど、誘われたら簡単に応じて、最終的にはセックスします。,,
,,,,,ch,相手の<!--keyword-h-->をセックスに誘っても拒まない場合、このパターンだと考えていいです。,この場合、あっけないほど簡単にセックスできます。,nodata,nodata,,
,,,,,ch,そして、そのセックスで女性が満足したり楽しんだりできて、なおかつお互いに良い関係が続く場合に<!--sefure-relation-->になれるんです。,そして、セックスしてみて相性が良ければ<!--sefure-->になる、という流れです。,そのセックスで気持ちよくなれたらまた会ってセックスして、そのまま<!--sefure-->になっていく、という女性が多いです。,セックスしてしまえば、もうエロさを隠す必要もないので、気持ちのままにセックスしまくって、<!--sefure-relation-->になっていきます。,,
,,,,,/p,,,,,,
,,,,,p,,,,,,
,,,,,ch,ですから、とりあえずセックスまでたどり着けば、かなり高い確率で<!--become-sefure-->ということですね。,ということで、とりあえずセックスまでたどり着いて、そこで相手の<!--keyword-h-->を満足させられれば<!--be-sefure-a-->ことができるということになります。,ですから、出会い系サイトで知り合った女性となんとかセックスして、そのセックスで女性が気持ちよくなるようにがんばれば、誰でも<!--can-make-sefure-->ということです。,つまり、エロい<!--keyword-h-->を探して、なんとかセックスしてしまえば、あとは自然に<!--sefure-->になる流れに乗れる、ということですね。,,
,,,,,ch,知らないと難しそうだけど、実は<!--making-sefure-->は簡単なんです。,知っていれば簡単なことなんです。,nodata,nodata,,
,,,,,/p,,,,,,
,,,,,p,,,,,,
,,,,,ch,それを踏まえて、出会い系で出会った<!--keyword-adj--><!--woman-->と実際に会ってセックスして<!--be-sefure-a-->ためには４つのポイントがあります。,ここまでを踏まえて、<!--keyword-adj--><!--sefure-->を作るための最後の仕上げ、セックスをして<!--be-sefure-a-->ためのポイントは以下の４つです。,<!--keyword-adj--><!--sefure-->を作るための最終段階、セックスをして満足させて<!--be-sefure-a-->ためのコツを４つご紹介します。,最後は、<!--keyword-adj--><!--woman--><!--be-sefure-->最終工程、<!--sefure-candidate-->とセックスするまでと、セックスで満足させるための４つのポイントをお教えます。,,
,,,,,/p,,,,,,
,,,,,ch,<ol><!--s-heading-2-list--></ol>,,,,,
,,,,,,,,,,,
,,,,,h3,<!--serial-num-c-2-->下心は仲良くなるまで秘匿する<!--s-heading-2-->,<!--serial-num-c-2--><!--keyword-h-->と仲良くなるまでは下心は隠す<!--s-heading-2-->,<!--serial-num-c-2-->下心は<!--sefure-candidate-->にもバレないようにする<!--s-heading-2-->,<!--serial-num-c-2-->仲良くなるまでは<!--making-sefure-->だと言わない<!--s-heading-2-->,,
,,,,,p,,,,,,
,,,,,ch,出会い系サイトで出会った女性に話を聞くと、いきなり最初のメールから<!--toka#2#「会える？」#「セックスしない？」#toka-->と言ってくる男性がなかり多いそうです。,私はこれまで出会い系で出会った女性にいろいろ話を聞きましたが、いきなり下心丸出しの男性が８０％近くいるそうです。,私がこれまで出会い系で知り合った女性に聞いた話では、一発目のメールから<!--toka#2会おう#セックスしよう#toka-->と言ってくる男性会員が非常に多いと言っていました。,私は出会い系で会った女性に出会い系についての話を聞いたりするのですが、ファーストメールからセックスに誘ってくる男性がいるそうです。,,
,,,,,ch,どの女性も、<!--sefure-->を探している女性でも、そんな男性は無視するそうです。,そして、そんな下心丸出しの男性には一切返事しないという女性がほとんどです。,当然、普通の女性はそんな男性には返信をしません。,そして、いくらセックスがしたくても、そんな下心丸出しの男性とやり取りする女性はいません。,,
,,,,,ch,当然ですよね。,そんな男性に会うのはかなり怖いですからね。,nodata,nodata,,
,,,,,/p,,,,,,
,,,,,p,,,,,,
,,,,,ch,<!--keyword-adj--><!--woman-->を狙う場合に限らず、いくら<!--sefure-->を探す場合でも、いきなりエロい話をしては返信してくれる女性はいません。,<!--keyword-adj--><!--sefure-->を作る場合だけでなく、出会い系でセックスの相手を探す場合でも、最初のメールからエロい話をしたりセックスを匂わせてはいけません。,いくら<!--make-sefure-->のが目的でも、初手のメールから下心は出さないようにしないとメール交換も始まりません。,<!--keyword-adj--><!--sefure-->を作るのが目的とはいえ、最初のメールは下心を秘匿して、紳士的なメールになるようにしてください。,,
,,,,,ch,というか、十分仲良くなるまでは下心は見せないようにしておきましょう。,というか、サイト内メールで仲良くなって、連絡先を交換するくらいまでは下心は出さない方が出会えます。,むしろ、その<!--sefure-candidate-a--><!--ya#2#ラインのID#メールアドレス#ya-->を聞くまでは、エロい面は見せない方が無難です。,むしろ、<!--ya#2#ライン#メールアドレス#ya-->を交換するまでは下心は絶対に隠しましょう。,,
,,,,,ch,そのほうが、結果的に早くセックスできます。,そのほうが、最終的には早く出会えて<!--sefure-->にできます。,nodata,nodata,,
,,,,,/p,,,,,,
,,,ch,,,,,,,,
,,,,,,nodata,,,,,
,,,,st,,,,,,,
,,,,,p,,,,,,
,,,,,ch,ネットの情報の中には、最初から<!--sefure-->前提で話をしろと書いている<!--ya#2#情報サイト#ブログ#ya-->もありますが、効率が悪すぎるのでやめておいたほうが賢明です。,ネット上の<!--ya#2#出会い攻略法#ブログ#ya-->の中には最初からエロ全開でいけと教えるところもありますが、万が一うまくいったとしても成功率が低すぎるので推奨できません。,,,,
,,,,,/p,,,,,,
,,,,/st,,,,,,,
,,,/ch,,,,,,,,
,,,,,h3,<!--serial-num-c-2-->会う前にメールでエロ話をしておこう<!--s-heading-2-->,<!--serial-num-c-2--><!--sefure-candidate-->とはメールでエッチな話をしよう<!--s-heading-2-->,<!--serial-num-c-2--><!--sefure-candidate-->とはデートの前にエロ話をしておく<!--s-heading-2-->,<!--serial-num-c-2-->事前のエロ話でスムーズにセックスできる<!--s-heading-2-->,,
,,,,,p,,,,,,
,,,,,ch,連絡先なども交換して、十分仲良くなったら、頃合いを見計らってエロさを出していきましょう。,相手の<!--keyword-h-->と<!--ya#2#ラインのID#メールアドレス#ya-->などを交換して、直接やり取りである程度仲良くなったら、少しエロ話をしておきましょう。,<!--sefure-candidate-a--><!--keyword-l-->と<!--ya#2#ライン#メールアドレス#ya-->を教え合って、スマホメールなどでやり取りするようになったら、エロ話も解禁です。,<!--ya#2#ラインのID#メールアドレス#ya-->を教えてもらってしばらく直接やり取りして仲良くなったら、少しずつエロ話もしていきましょう。,,
,,,,,ch,このタイミングが重要です。,早すぎても遅すぎてもいけません。,nodata,nodata,,
,,,,,/p,,,,,,
,,,ch,,,,,,,,
,,,,,,nodata,,,,,
,,,,st,,,,,,,
,,,,,p,,,,,,
,,,,,ch,ネット上の<!--ya#2#出会い攻略法#ブログ#ya-->の中には、実際に会って、いい雰囲気になるまでは下心を隠す、と解説しているサイトもあります。,会ってベッドに入るまでは下心は隠せと教える<!--ya#2#出会い系情報サイト#ブログ#ya-->もあります。,,,,
,,,,,ch,しかし、私は十分仲良くなったらエロ話をして、セックスできるかどうか何となく確認することをおすすめします。,しかし、私は会う前にエロ話も解禁しておく方が良いと考えています。,,,,
,,,,,ch,というのも、実際に会ってもセックスできない女性もいるので、そういうやれない女性に時間を使うのももったいないですから。,というのも、実際に会った後もやれるかどうか分からないというのは、時間的に効率が悪いからです。,,,,
,,,,,ch,このページでは効率よく<!--keyword-adj--><!--sefure-->を作る方法をご紹介しているので、早い段階でエロ話をしてみてセックスできる相手か、<!--become-sefure-->女性か確認するやり方の方がふさわしいでしょう。,効率よく<!--keyword-adj--><!--sefure-->を作る方法ということでは、事前にエロ話をして様子を探る方がベターだと思います。,,,,
,,,,,/p,,,,,,
,,,,/st,,,,,,,
,,,/ch,,,,,,,,
,,,,,p,,,,,,
,,,,,ch,もちろん、「すぐ会おう」とか言うのは論外ですが、「自分はエロいぞ」ということを相手の教えておきます。,とはいえ、いきなり「セックスしよう」とか会うことを強要すると、そこでまた連絡が取れなくなる可能性大なので、ゆっくりエロさをさらけ出してください。,とはいえ、<!--dot#2#しつこく会おうとしたり#相手が嫌がっているのにエロ話を続ける#dot-->のはいけません。あくまで自然にエロ話をしていきます。,もちろん、相手の<!--keyword-h-->の気持ちを無視してエッチトークをするのはいけませんが、ナチュラルなエロ話からスタートするのは有効です。,,
,,,,,ch,それに相手も応じてエロ話をしてくれば、<!--become-sefure-->確率も高くなります。,もしも相手もエロ話に乗ってきたら、セックスできる可能性がかなり高いです。,相手もその猥談に乗ってくるようなら、<!--become-sefure-->見込み大です。,そこでエッチトークに花が咲けば、セックスできる日も近いといえます。,,
,,,,,ch,次に説明する「セックスの約束」もしやすくなります。,そして、この後の段階の「セックスの事前予約」もやりやすくなります。,nodata,,,
,,,,,/p,,,,,,
,,,,,p,,,,,,
,,,,,ch,具体的なやり方としては、<a href=##>エロ話に入る例文</a>みたいな感じでエッチな話をしてみましょう。,エロ話に持ち込む手順については、こちらの<a href=##>エロ話に導入する例文</a>などをみてください。,具体的には、「どちらかというとSとMどっち？」みたいなソフトなエロトークから入ると自然です。,最初はどぎついエロ話ではなく、「Mっぽいって言われたりする？」みたいな当たり障りのないところからスタートしましょう。,,
,,,,,ch,もしも強く拒否された場合にはヤリモクでセックスできる可能性が低いので、その女性はターゲットから外しましょう。,万が一、相手が全くエロ話に乗ってこない場合は、エッチな出会い出会える可能性が低いので、ターゲットチェンジする方が賢明です。,それで、もし相手の<!--keyword-h-->が<!--dot#2#完全に無理したり#嫌がったり#dot-->した場合には、セックスできない見込みが多いので、別の女性に切り替えます。,相手の女性がエロ話に拒否反応を示す場合には、他の<!--sefure-candidate-->に完全に切り替えます。,,
,,,,,ch,彼女にするならまだいいですが、<!--be-sefure-a-->という点では効率が悪いですから。,彼女探しや婚活ならむしろいいかもしれませんが、そういう女性は<!--ya#2#<!--sefure-->#<!--one-night-->のセックスの相手#ya-->には向きません。,そういうガードの固い女性は<!--ya#2#<!--sefure-->#<!--one-night-->のセックスの相手#ya-->には良くありません。,粘って攻略しようとしても、そういう女性はセックスするのに苦労しますから。,,
,,,,,ch,その女性がかなり魅力的な<!--keyword-h-->だったとしても、ここは冷静に判断してください。,ここはシビアに判断してください。,nodata,nodata,,
,,,,,/p,,,,,,
,,,,,,,,,,,
,,st,,,,,,,,,
,,,,,h3,<!--serial-num-c-2-->会う口実を作って会いやすくしてあげよう<!--s-heading-2-->,<!--serial-num-c-2-->デートの口実を作るとセックスありの面接がしやすい<!--s-heading-2-->,<!--serial-num-c-2-->実際に会う時には女性には<!--reason-w-->が必要<!--s-heading-2-->,<!--serial-num-c-2--><!--keyword-h-->に会う口実を作ってあげよう<!--s-heading-2-->,,
,,,,,p,,,,,,
,,,,,ch,いくらセックスがしたくて出会い系サイトを利用している女性でも、初対面の男性に「セックスしよう」と誘われてホイホイ出かけて行くのには流石に抵抗があります。,どんなにエッチな<!--keyword-h-->でも、知らない男性から誘われてセックスしに行くのには、心理的な抵抗があります。,その<!--keyword-h-->も<!--sefure-->を探していてセックスをしたかったとしても、会ったこともない男性から誘われて会いに行くのは不安ですし、ためらいもあります。,<!--want-sefure-->と思っている女性でも、出会い系で知り合った男性からのデートの誘いにそう簡単には了承しません。,,
,,,,,ch,軽い女だと思われるのが嫌なんでしょう。,いくら<!--sefure-->が欲しくても、軽く見られたくはないんです。,nodata,nodata,,
,,,,,ch,それに対して、セックス以外の会う<!--reason-w-->があれば、自分への言い訳になるので会うのをOKしやすくなります。,そこで、女性の側に会う<!--reason-w-->を作ってあげると、相手は乗ってきやすくなります。,そういう時に、<!--ya#3#映画#食事#ドライブ#飲み会#遊び#ya-->など、何か会う口実を設定してあげると、その<!--keyword-h-->は自分への言い訳になるので、デートの誘いにOKします。,そんな時には<!--ya#3#映画#食事#ドライブ#飲み会#ya-->などのセックスとは別の目的を作るとすぐに了解してくれます。,,
,,,,,/p,,,,,,
,,,,,p,,,,,,
,,,,,ch,ですから、出会い系で知り合った女性と会う場合には、「食事に行く」など相手が誘いをOKしやすい<!--reason-w-->を何か作ってあげましょう。,出会い系サイトで知り合った<!--keyword-adj--><!--sefure-->候補をデートに誘う場合は、「飲み会しましょうか！」みたいに表向きの<!--reason-w-->を作って誘うようにしましょう。,ですから、女性に会おうと誘う時には「セックスしよう」と誘うのではなく、「美味しい<!--food-menu-->食べに行こう」みたいに健康的な目的で誘うようにしてあげましょう。,お互いセックスが頭にあったとしても、何か別の口実を作ってから誘う方が紳士的ですし、成功率も上がります。,,
,,,,,ch,特に初めて会う時には、その<!--sefure-candidate-a--><!--keyword-h-->が自分を納得させられるような「会う<!--reason-w-->」が必要です。,特に知り合って一番最初に会うとき（面接）は、嘘でもいいので良さげな会う目的を設定して誘いましょう。,nodata,とりわけ、最初の面接（デート）は「<!--food-menu-->を食べに行く」みたいな健全な<!--reason-w-->が必須です。,,
,,,,,ch,実際には会ってすぐホテルに直行、ということになるかもしれませんが。,まあ、それでも実際に会ったらその目的はそっちのけでセックスするだけの場合も多いですが。,nodata,nodata,,
,,,,,/p,,,,,,
,,,ch,,,,,,,,
,,,,,,nodata,,,,,
,,,,st,,,,,,,
,,,,,p,,,,,,
,,,,,ch,メールでの会話の中で、相手が好きな食べ物などを聞いておくと、「美味しい店あるから<!--food-menu-->食べに行きましょう！」みたいに比較的簡単に誘うことができるので、あらかじめ聞いておきましょう。,そのためにも、メールのやり取りの中で相手が興味あることを聞いておくと、その会う<!--reason-w-->を作りやすくなります。,,,,
,,,,,ch,もし相手の<!--keyword-h-->がお酒が好きなら、飲みに誘えばいいですよね。,相手の女性が映画が好きなら、映画に誘ってみましょう。,その<!--sefure-candidate-->が音楽が好きなら、カラオケに誘う、というような感じです。,,,
,,,,,/p,,,,,,
,,,,/st,,,,,,,
,,,,st,,,,,,,
,,,,,p,,,,,,
,,,,,ch,ちなみに、エロ話の中でセックスする話までしていた場合、会う<!--reason-w-->は必要ない場合もあります。,なお、その<!--keyword-h-->と既にセックスする話までできている時には、あからさまな嘘の口実は必要ありません。,,,,
,,,,,ch,お互いセックスする合意ができていれば、待ち合わせ場所からホテルへ直行！ということも多いです。,男女双方がセックスすることに同意していれば、人目につかないところで待ち合わせして、そのままラブホテルになだれ込んで、着衣のまま挿入、みたいなこともあります。,<!--keyword-h-->と待ち合わせてそのままカーセックスとか、ホテル直行の例も少なくありません。,,,
,,,,,ch,これは出会い系サイトでの出会いならでは、と言えるでしょう。,nodata,出会い系でのエッチな出会いの醍醐味ですね。,nodata,,
,,,,,/p,,,,,,
,,,,/st,,,,,,,
,,,/ch,,,,,,,,
,,/st,,,,,,,,,
,,st,,,,,,,,,
,,,,,h3,<!--serial-num-c-2-->実際に会う前にセックスを匂わせておこう<!--s-heading-2-->,<!--serial-num-c-2-->事前にセックスする話をしておくと高確率でセックスできる<!--s-heading-2-->,<!--serial-num-c-2--><!--sefure-candidate-->とセックスの約束をしておこう<!--s-heading-2-->,<!--serial-num-c-2-->エロ話の流れでセックスの予約をしておこう<!--s-heading-2-->,,
,,,,,p,,,,,,
,,,,,ch,<!--sefure-candidate-a--><!--keyword-h-->を上手くデートに誘いだせたら、次は実際に会ってセックスしましょう。,<!--want-to-be-sefure--><!--keyword-l-->と実際に会う約束ができたら、次の<!--lw-step-word-->はセックスです。,前項までのやり方で気になる<!--keyword-h-->をデートに誘えたら、いよいよセックスしましょう。,出会い系サイトで知り合った<!--keyword-h-->と実際に会う約束ができたら、次なる段階はセックスです。,,
,,,,,ch,<!--want-to-be-sefure-->のであれば、できれば会ったその日にセックスするのが望ましいです。,確実に<!--be-sefure-a-->には、チャンスを逃さないよう初めて会ったその日のうちにセックスまでできればベストです。,より確実に<!--want-to-be-sefure-->のであれば、早い段階、できれば初めて会った日のうちにセックスするのがベターです。,２回目に会えるかどうか分からないので、できれば初対面のその日のうちにセックスまでしてしまいます。,,
,,,,,/p,,,,,,
,,,ch,,,,,,,,
,,,,,,nodata,,,,,
,,,,st,,,,,,,
,,,,,p,,,,,,
,,,,,ch,<!--keyword-adj--><!--woman-->を<!--how-to-sefure-->として、実際にデートしてからうまくセックスに誘導するというやり方もあります。,エッチな話を全くしないで、会った当日トークテクニックでセックスに持ち込む<!--how-to-sefure-->もあります。,会話スキルが高い男性であれば、エロ話などしなくても普通にデートして、トークでセックスする流れに持ち込むということもできます。,女性慣れしている男性であれば、会った当日に口説いて、セックスに誘うというやり方もあると思います。,,
,,,,,ch,ですが、google検索で「<!--sefure--> <!--keyword-h-->」などで検索してこの記事にたどり着いた男性にはそれは難しいかもしれないので、ここではその流れは省略して、会う前に話をしておく方法をご紹介します。,しかし、ネットで<!--how-to-sefure-->を探している男性にとって、いきなりそのやり方を求めても難しいと思うので、ここではその方法ではなく、事前に準備してセックスする方法をご紹介します。,,,,
,,,,,ch,当日アドリブでセックスに持ち込める方は、もちろんそのやり方でも問題なく<!--keyword-adj--><!--sefure-->を作ることができます。,nodata,コミュ力でセックスに誘えるという方は、その方法でもこのやり方でもどちらでも<!--sefure-->にはできると思います。,nodata,,
,,,,,/p,,,,,,
,,,,/st,,,,,,,
,,,/ch,,,,,,,,
,,,,,p,,,,,,
,,,,,ch,ざっくりいうと、実際に会う前にある程度セックスする話やエロい話をしておいて、会ってからセックスに持ち込みやすくします。,会ったその日にセックスするためには、事前にセックスする話までしておきます。,初めて会った日のうちにセックスするには、<!--ya#2#メール#電話#ライン#ya-->での会話でセックスする約束ができていると確実です。,初対面でセックスするためには、実際に会う前の<!--ya#2#メール#電話#ライン#ya-->の段階でセックスの話をしておきましょう。,,
,,,,,ch,このやり方であればセックスできる可能性が著しく低い女性と会ってしまう無駄も避けられます。,会う前にセックスの話をしておけば、セックスできそうにない女性も判別できるので、無駄な面接を避けられます。,<!--ya#2#メール#電話#ライン#ya-->でセックスできないと分かれば、その<!--keyword-h-->は<!--sefure-->にできないと判断できるので、時間の無駄がなくなります。,事前に軽くセックスに誘って、できそうになければ合わなくてもOKです。,,
,,,,,ch,同時に、事前に話をしておくことで女性の側でもセックスする覚悟ができるので、よりスムーズにセックスに持ち込むことができます。,また、会う前に話をしておけば、女性の方でも「セックスするんだ」という心の準備ができます。,セックス前提で会うとなると、相手の<!--keyword-h-->の方でもセックスする決心をしてくるので、自然にセックスする流れにしやすくなります。,nodata,,
,,,,,ch,さらに、お互いやる気なので、セックスも盛り上がり、その<!--keyword-h-->も思いっきりセックスを楽しめます。,加えて、お互いにセックスやる気満々なので、気持ちよくセックスできます。,なおかつ、相手の<!--keyword-h-->も満を辞してセックスするためにくるので、欲望のままにセックスができて満足度が高くなります。,nodata,,
,,,,,ch,結果として、その<!--keyword-l--><!--become-sefure-a-->可能性が大きく上がるというわけです。,その結果、相手の<!--keyword-h-->と<!--sefure-relation-->になれる確率が跳ね上がります。,nodata,つまり、<!--keyword-adj--><!--sefure-->ができる成功率向上につながることになります。,,
,,,,,/p,,,,,,
,,,,,p,,,,,,
,,,,,ch,具体的には、実際に会う前の<!--ya#2#メール#電話#ライン#ya-->でエロい話をしている中で、,詳しい方法としては、会う約束をした後<!--ya#2#メール#電話#ライン#ya-->で会話しているときに、,具体的なやり方は、デートする約束をした後の<!--ya#2#メール#電話#ライン#ya-->などでの会話、できればエロ話の途中で、,実際にやる場合は、実際に会う約束をしてから、<!--ya#2#メール#電話#ライン#ya-->で話をしているときに、,,
,,,,,ch,「明日会ったら、襲っちゃうかも（笑）」,「◯さんと会ったら、感激して抱きしめてしまうかも（笑）」,「明日は勝負パンツ履いてきてね（笑）」,「明日は、俺のこと襲わないでよ（笑）」,,
,,,,,ch,みたいな感じで、冗談っぽくセックスになるイメージを持たせます。,ぐらいの、セックスを匂わせる言葉を、冗談っぽく言ったり、送ったりします。,みたいに、セックスに繋がるようなセリフを軽い冗談っぽく言ってみます。,みたいな、セックスするような印象を与える発言をします。,,
,,,,,ch,この、（笑）が意外に重要です。,「冗談っぽく」というのが保険にもなるので重要です。,nodata,冗談っぽく（笑）というのがミソです。,,
,,,,,/p,,,,,,
,,,,,p,,,,,,
,,,,,ch,これで、セックスする気がない女性は無視するか話を変えます。,全くセックスする気がない女性であれば、<!--no_dot#2#無視したり#別の話をしたり#no_dot-->します。,相手の<!--keyword-h-->にセックスする気がない場合は<!--no_dot#2#それを無視したり#違う話をしたり#no_dot-->します。,その<!--keyword-h-->が<!--no_dot#2#無視したり#別の話をしたり#no_dot-->した場合には、初対面でのセックスは難しいです。,,
,,,,,ch,その場合は潔く引き下がって、当日がんばる作戦か、別のターゲットに切り替えましょう。,その場合は、それ以上追求せずに諦めて、別のチャンスを狙いましょう。,nodata,nodata,,
,,,,,ch,逆に、まんざらでもない女性であれば、否定せずに「え〜、エロい（笑）」みたいな反応をします。,反対に、「エロ過ぎ〜（笑）」みたいに何らかの反応をした場合には、セックスできる可能性が高いです。,逆に、「変態！（笑）」みたいに否定しない場合は、セックスできなくもないです。,逆に、話に乗ってくる場合には、初日にセックスできる可能性が高いです。,,
,,,,,ch,ここからもう少し話を続けられれば、実際に会った時にはかなり高確率でセックスができて、<!--sefure-->にできます。,ここでいい反応をしてくる<!--keyword-h-->は<!--easy-sefure-->ので、チャンスを逃さずセックスしてしまいましょう。,セックスをする話をもう少し詰めていって、より確実にセックスできるようにしましょう。,少しずつ具体的なセックスの話をして、当日確実にやれるように持っていきましょう。,,
,,,,,/p,,,,,,
,,,ch,,,,,,,,
,,,,,,nodata,,,,,
,,,,st,,,,,,,
,,,,,p,,,,,,
,,,,,ch,この流れについてのもっと詳しい例文が<a href=##>セックス約束メールの例文</a>などにあるので、よかったら参考にしてみてください。,もっと詳しいやり方を知りたい方は、<a href=##>セックス約束メールの例文</a>を見てみてください。,<a href=##>即ヤリのメール例文</a>でもう少し詳しく解説しているので、興味がある方はそちらもどうぞ。,,,
,,,,,/p,,,,,,
,,,,/st,,,,,,,
,,,/ch,,,,,,,,
,,/st,,,,,,,,,
,,st,,,,,,,,,
,,,,,h3,<!--serial-num-c-2-->セックスで相手の<!--keyword-h-->を満足させよう<!--s-heading-2-->,<!--serial-num-c-2-->セックスで満足させれば<!--become-sefure--><!--s-heading-2-->,<!--serial-num-c-2--><!--be-sefure-a-->にはセックスで満足させよう<!--s-heading-2-->,<!--serial-num-c-2--><!--keyword-h-->をセックスで大満足させよう<!--s-heading-2-->,,
,,,,,p,,,,,,
,,,,,ch,さて、ここまでのポイントがしっかりやれていれば、セックスもスムーズにできると思います。,ここまで説明してきた<!--how-to-sefure-->を実行すれば、<!--keyword-l-->とセックスできるはずです。,これまで説明してきた<!--how-to-sefure-->が正しく実行できていれば、<!--keyword-l-->と出会ってセックスまではいけるはずです。,ここまでの流れで、<!--sefure-candidate-a--><!--keyword-h-->とセックスするところまでは進めると思います。,,
,,,,,ch,「セックスできた、これで<!--keyword-adj--><!--sefure-->ができた！！」<br>,「セックスできたから、<!--become-sefure-->！！」<br>,「やった、セックスできたからこれで<!--sefure-relation-->だ！」,「セックスできた！<!--sefure-->ゲット！！」,,
,,,,,ch,ではありません。,そんなわけないですよね。,なんてことはありません。,というわけにはいきません。,,
,,,,,/p,,,,,,
,,,,,p,,,,,,
,,,,,ch,<!--sefure-->はセックスが主な目的の男女の関係です。,<!--sefure-->というのは、セックスをメインの目的とする男女関係です。,<!--sefure-->は、セックスで気持ちよくなりたい男性と女性の関係です。,<!--want-sefure--><!--keyword-l-->は、ほとんどの場合セックスで満足することを望んでいます。,,
,,,,,ch,そのため、相手の女性があなたとのセックスに満足できなければ、１回限りのセックスで終わってしまって<!--sefure-relation-->にはなりません。,ですから、あなたとセックスしても満足できなければ、２回目以降のセックスはなくて、<!--sefure-->にもなれません。,当然、セックスで満足させてくれない男性とは<!--sefure-relation-->になりません。,ですから、その<!--sefure-candidate-a--><!--keyword-h-->をセックスで満足させられなければ、<!--be-sefure-a-->ことは不可能です。,,
,,,,,ch,セックスが終わって帰るときには笑っていても、もう連絡が取れなくなります。,失敗すれば、２回目はないということです。,nodata,nodata,,
,,,,,/p,,,,,,
,,,,,p,,,,,,
,,,,,ch,ですから、<!--sefure-relation-->が完成するまでは、とにかく相手の女性に気持ちよくなってもらえるようなセックスをするようにしましょう。,そうならないように、相手の<!--keyword-h-->が気持ちよくなれるようなセックスをしましょう。,一回だけのセックスで終わらないように、そして<!--sefure-relation-->になれるよう、女性優先のセックスをしましょう。,一回セックスできればいいならそれでもいいですが、<!--be-sefure-a-->には相手の<!--keyword-h-->を満足させるようなセックスをする必要があります,,
,,,,,ch,特に、１回目のセックスでほとんど判断されるところもあるので、初回は大事です。,とりわけ、一番最初のセックスは重要です。,nodata,nodata,,
,,,,,ch,男性は挿入を重視しがちですが、女性は前戯でたっぷり愛されるのが好きです。,男性の中には挿入すればいいと思っている人もいますが、女性は前戯を重要視します。,すぐに挿入したりせず、じっくり前戯をしましょう。,相手の女性が気持ちよくなれるように、たっぷり前戯をするのがベターです。,,
,,,,,ch,それも激しい指マンなどではなく、ソフトタッチな愛撫が必要です。,その前戯も、男の勝手でやるのではなく、優しく触ります。,もちろん、AVのような激しい指マンなどは厳禁です。,nodata,,
,,,,,ch,相手の<!--sex-reaction-->を見ながら、その<!--keyword-h-->が感じる部分を入念に優しくいじってあげましょう。,女性の<!--sex-reaction-->を観察しながら、相手が感じる気持ちいいところを的確に優しく攻撃しましょう。,相手の<!--keyword-h-->の<!--ya#2#声#動き#ya-->をよく見て、<!--sex-reaction-->がいいところを粘り強く、そして優しく攻めましょう。,的確に相手の女性の感じる部分を、根気強くソフトタッチの愛撫で気持ちよくさせてあげましょう。,,
,,,,,ch,女性本位の前戯をすれば、<!--sefure-candidate-a-->女性も認めてくれるはずです。,もしもイケなくても、努力は認めてもらえるでしょうし。,nodata,ndata,,
,,,,,/p,,,,,,
,,,ch,,,,,,,,
,,,,,,nodata,,,,,
,,,,st,,,,,,,
,,,,,p,,,,,,
,,,,,ch,「でも、巨根じゃないから、女性を満足させられないよ」,自分のイチモツに自信がなくて、女性をセックスで満足させられないと思っている方はいませんか？,,,,
,,,,,ch,そんな心配をしている人がいるかも知れませんね。,それは完全に杞憂です。,ノープロブレムです。,,,
,,,,,ch,心配ご無用、モノの大きさは女性を満足させられるかには一切関係ありません！,<!--keyword-adj--><!--sefure-->を作る場合のセックスでは、イチモツの大きさは無関係です。,,,,
,,,,,ch,モノの大きさではなく、いかに細やかに女性に配慮して、気持ちいいいところを愛撫できるかが大事なんです。,チンコの大小ではなく、女性の<!--sex-reaction-->を見ながら優しくじっくり愛撫しさえすればいいんです。,,,,
,,,,,ch,むしろ、デカチンの男性は前戯をおろそかにするので、女性には不評な場合が多いんです。,nodata,でかい男性は、デカチンにかまけて前戯をしないので、女性からはあまり好まれない傾向があります。,,,
,,,,,/p,,,,,,
,,,,/st,,,,,,,
,,,/ch,,,,,,,,
,,,ch,,,,,,,,
,,,,,,nodata,,,,,
,,,,st,,,,,,,
,,,,,p,,,,,,
,,,,,ch,テクニックに関していうと、実戦経験も大事ですが、<!--ya#2#テクニックビデオ#書籍#ya-->などで勉強するのも有効です。,前戯が上手くなるには、書籍を読んで勉強するという上達方法もあります。,,,,
,,,,,ch,ソフトタッチな愛撫については、アダム徳永先生の「スローセックス完全マニュアル」などを読んでみると、上手くなれると思います。,アダム徳永の「スローセックス完全マニュアル」を読むと、かなり前戯が上達します。,,,,
,,,,,ch,ちなみに、私は徳永先生の本を４冊ほど読んでいます。,逆に、AVを参考にするのは最悪で、<!--sefure-->ゲットには全くつながりません。,nodata,,,
,,,,,/p,,,,,,
,,,,/st,,,,,,,
,,,/ch,,,,,,,,
,,,,,p,,,,,,
,,,,,ch,最初のうちは、挿入やフェラで自分が気持ちよくなるのは考えず、ひたすら女性本位のセックスをしましょう。,とりあえず、安定した<!--sefure-relation-->ができるまでは、その<!--keyword-h-->とのセックスでは自分がイくのは後回しにして、相手に気持ちよくなってもらいます。,ぶっちゃけた話、<!--keyword-h-->が<!--sefure-->になるまでは、その相手とセックスするときは相手が気持ちよくなることだけ考えて、自分の射精は度外視してもいいくらいです。,<!--sefure-relation-->が完成するまでは、フェラチオや挿入で自分が気持ちよくなるのは後回しで、相手の<!--keyword-h-->に前戯しましょう。,,
,,,,,ch,極端な話、自分はイかなくてもいいくらいの覚悟でやりましょう。,時間的に自分が射精できなかったとしても、相手を気持ちよくさせるくらいの気持ちでいくとベストです。,nodata,nodata,,
,,,,,ch,そうすれば、相手はあなたとのセックスを気に入って、２回３回とセックスを重ねて、最終的に<!--sefure-->になります。,そんな感じで女性重視のセックスをしていれば、２回３回とセックスができて、<!--be-sefure-a-->ことができます。,そうやって前戯重視の女性本位のセックスができれば、その相手の<!--keyword-h-->は<!--sefure-->になってくれます。,とにかく女性に気持ちよくなってもらうセックスができていれば、すぐにその<!--keyword-h-->を<!--sefure-->にできます。,,
,,,,,　ch,運が良ければ、一発で<!--sefure-->確定というケースもありますし。,テクニックが上達してくれば、１回目のセックスで<!--become-sefure-->ということも難しくはありません。,nodata,nodata,,
,,,,,ch,<!--sefure-->になったら、何回でもタダでセックスしまくれるんですから、最初の１〜２回くらいは我慢しましょう。,<!--sefure-relation-->になれば、毎日でもセックスして、何発でも出せるんですから、最初は我慢してがんばってみて下さい。,nodata,,,
,,,,,/p,,,,,,
,,,ch,,,,,,,,
,,,,,,nodata,,,,,
,,,,st,,,,,,,
,,,,,p,,,,,,
,,,,,ch,そして、<!--sefure-->になった後も、できるだけ相手の気にいるセックスをして、<!--sefure-relation-->が長続きするように努めましょう。,<!--sefure-->になった後も、<!--sefure-relation-->を長続きさせたいのであれば、女性にも気持ちよくなってもらうセックスを続けましょう。,その<!--keyword-h-->を<!--sefure-->にした後も、その相手が気持ちいいセックスを続けると、<!--sefure-relation-->がうまくいって、よりたっぷりセックスを楽しめます。,,,
,,,,,ch,そうすれば、相手の<!--keyword-h-->もあなたが好きな気持ち良いことをしてくれるので、お互いに気持ちよくなれてWIN-WINの関係になります。,こちらが相手が気持ちいいいことをすれば、相手もこちらをきもちよくしてくれるので、お互い満足できます。,,,,
,,,,,ch,<!--sefure-relation-->継続のため、そしてより気持ち良くなるためにも、手を抜かずに全力セックスを心がけましょう。,nodata,,,,
,,,,,/p,,,,,,
,,,,/st,,,,,,,
,,,/ch,,,,,,,,
,,,,,,,,,,,
,,,,,p,,,,,,
,,,,,ch,さて、これで簡単ではありますが<!--keyword-h--><!--be-sefure-->ための方法を一通りご紹介しました。,これで、駆け足ではありましたが、出会い系サイトを使って<!--keyword-adj--><!--sefure-->を作る攻略法をご紹介しました。,これで<!--keyword-adj--><!--woman-->を<!--how-to-sefure-->を一通りご説明できました。,簡単ですが、以上が出会い系サイトで<!--keyword-adj--><!--sefure-->を作るための攻略法になります。,,
,,,,,ch,読みやすいように必要な部分だけ説明したので、説明不足な部分もあると思います。,<!--keyword-adj--><!--sefure-->を作る部分に特化して説明したので、抜けている部分も多いと思います。,<!--keyword-adj--><!--sefure-->にこだわって解説したので、足りない部分もあるかもしれません。,nodata,,
,,,,,ch,もっと詳しく知りたい方は、<a href=##>出会い系の<!--how-to-sefure--></a>などを読むと、もっと細かいところまで<!--how-to-sefure-->が理解できると思います。,<!--how-to-sefure-->をもっと全体的に知りたい方は、<a href=##>出会い系の<!--how-to-sefure--></a>を見ると、細かいところまで理解できると思います。,<!--how-to-sefure-->の全体をしっかり知りたい方は、長文ですが<a href=##>出会い系の<!--how-to-sefure--></a>の方も参考にしてみるとより<!--making-sefure-->の成功率が上がります。,もっと詳しい<!--how-to-sefure-->が知りたければ<a href=##>出会い系の<!--how-to-sefure--></a>を見てください。,,
,,,,,ch,もし何かわからないことがある方は<a href=##>メールフォーム</a>からメールを送って私に直接ご質問ください。,また、<!--keyword-adj--><!--sefure-->作りについて何か不明な点があれば、<a href=##>メールフォーム</a>からお問い合わせください。,nodata,nodata,,
,,,,,/p,,,,,,
,,,,,p,,,,,,
,,,,,ch,では、がんばって<!--keyword-adj--><!--sefure-->を作ってください。,では、<!--keyword-adj--><!--sefure-->作りをがんばってください。,自分を信じて、<!--keyword-adj--><!--sefure-->探しをしてみてください。,では、がんばって出会い系で<!--sefure-->を作ってくださいね。,,
,,,,,ch,素敵な<!--keyword-l-->の<!--can-make-sefure-->ことを心からお祈りしています。,あなたの理想の<!--keyword-h--><!--become-sefure-a-->よう祈念しています。,がんばれば、必ず素敵な<!--sefure-->が見つかります！,しっかり正しい探し方でやれば、きっといい<!--sefure-->が作れます！,,
,,,,,/p,,,,,,
,,/st,,,,,,,,,
,/st,,,,,,,,,,
,st,,,,,,,,,,
,,st,,,,,,,,,
,,,,,h2,気持ちのケアをすると<!--sefure-relation-->が長続きする,<!--sefure-relation-->を長続きさせたいなら・・・,<!--keyword-adj--><!--sefure-->と関係が長続きするポイント,,,
,,,ch,,,,,,,,
,,,,,,nodata,,,,,
,,,,st,,,,,,,
,,,,,p,,,,,,
,,,,,ch,この記事では、新しく<!--keyword-adj--><!--sefure-->を作る方法をご紹介していますが、関係を長続きさせるコツについても少しだけ。,<!--sefure-relation-->を長く続けるのにもポイントがあります。,,,,
,,,,,/p,,,,,,
,,,,/st,,,,,,,
,,,/ch,,,,,,,,
,,,st,,,,,,,,
,,,,,p,,,,,,
,,,,,ch,<!--sefure-->はセックスを主な目的にした関係ですが、相手の<!--keyword-h-->の気持ちのケアまでできると、その<!--sefure-relation-->が長続きします。,<!--sefure-relation-->を長続きさせるには、相手の<!--keyword-h-->を継続的に満足させてあげることが大事です。,<!--sefure-relation-->はドライな関係ですが、相手の気持ちを考えてあげると長くいい関係を保てます。,,,
,,,,,ch,せっかく苦労して<!--keyword-adj--><!--woman-->を探して<!--sefure-->にしたんですから、できれば長く楽しく<!--sefure-relation-->を続けたいですよね。,やっとできた<!--sefure-->ですから、できるだけ長続きさせて、たっぷりとセックスを楽しみましょう。,やっと見つけた理想の<!--keyword-h-->の<!--sefure-->ですから、女性の気持ちのケアをして長続きさせましょう。,,,
,,,,,/p,,,,,,
,,,,,p,,,,,,
,,,,,ch,具体的には、相手が自分との関係に何を望んでいるかを考えて、それに対応しましょう。,具体的にどうやるかというと、相手の<!--keyword-h-->がなぜ<!--sefure-->になったかを考えて、それを実現してあげます。,簡単にいうと、<!--sefure-->の<!--keyword-h-->が望んでいることをやってあげる、ということです。,,,
,,,,,/p,,,,,,
,,,,,p,,,,,,
,,,,,ch,例えば、,例を挙げてみると、,実際には、,,,
,,,,sh,,,,,,,
,,,,,ch,相手の女性がセックスだけではなく癒しなど気持ちの関係も求めているのであれば、マメにメールのやり取りをしたり、会った時にじっくり会話したりして相手の<!--keyword-h-->が癒されるように心がけます。,もしも<!--sefure-->がセックスの他にも精神的に癒されたいのであれば、たまに<!--ya#2#メール#ライン#ya-->でやり取りをして、会話をするようにします。,その<!--sefure-->がドライな関係ではなく精神的なつながりも求めていれば、<!--ya2#メール#ライン#ya-->で割と頻繁にやり取りをして、精神面でも満たしてあげるようにしましょう。,,,
,,,,,ch,楽しく過ごせる相手を求めているのであれば、会った時にセックスするだけではなく、一緒に遊びに行ったり飲みに行ったりしましょう。,セックスだけじゃなくて、<!--ya#会話#遊び#ya-->も楽しみたい<!--sefure-->に対しては、会う時にはセックスするだけじゃなくて、一緒に飲んだり遊んだりするといいです。,<!--sefure-->が、セックス以外にも遊んだりして楽しみたいというのであれば、遊びに誘ったりして、ホテル以外でも楽しみましょう。,,,
,,,,,ch,相手の<!--keyword-h-->が純粋にセックスだけを望んでいるのであれば、食事や遊びなどの余計なことはせず、セックスに満足してもらえるようにセックスの腕を磨きましょう。,本当にセックスだけが目的の<!--sefure-->であれば、その願望通りにセックスだけを楽しめるように、技術を磨いてセックスをより頑張りましょう。,セックスだけが望みの<!--keyword-h-->であれば、プライバシーを詮索したりせず、お互いにセックスの快感を貪ることに集中してください。,,,
,,,,/sh,,,,,,,
,,,,,/p,,,,,,
,,,,,p,,,,,,
,,,,,ch,私も、<!--sefure-->とはセックス以外でもいろいろ楽しく時間を過ごしていますが、おかげでいい<!--sefure-relation-->を続けられていると思います。,私の<!--sefure-->は、話好きな人が多いので、いろいろな会話も楽しんでいます。,相手に合わせて、相手の希望を叶えてあげることで、お互いに楽しめる<!--sefure-relation-->を築きましょう。,,,
,,,,,/p,,,,,,
,,/st,,,,,,,,,
,,st,,,,,,,,,
,,,,,h3,嘘の<!--sefure-->情報に気をつけよう,<!--keyword-adj--><!--sefure-->に関するウソ情報に注意,ネット上の嘘の<!--how-to-sefure-->に気をつけよう,,,
,,,,,p,,,,,,
,,,,,ch,ネットで<!--keyword-adj--><!--sefure-->の作り方を探していると、ウソの情報に当たる時があります。,google検索で「<!--keyword-h--> <!--sefure-->」などで検索すると、正しくない<!--how-to-sefure-->サイトなどがヒットすることもあります。,ネットには間違った情報も多く、<!--how-to-sefure-->の情報も玉石混合の状態です。,,,
,,,,,ch,そういう怪しい<!--sefure-->情報サイトを鵜呑みにすると、いくらがんばっても<!--keyword-adj--><!--sefure-->は作れません。,nodata,間違った<!--how-to-sefure-->を参考にしても、<!--keyword-adj--><!--sefure-->を作ることはできません。,,,
,,,,,ch,<!--keyword-adj--><!--sefure-->ができないだけならまだしも、<!--ya#2#悪質出会い系サイト#詐欺サイト#ya-->に誘導するところもあります。,<!--sefure-->ができないだけでなく、<!--ya#2#個人情報漏洩#不当請求#ya-->の被害に遭うことも考えられます。,nodata,,,
,,,,,ch,<!--kyoki-->や<!--kyoki-->、<!--kyoki-->などの言葉をネットで見かけても、あまり気にしなくても大丈夫です。,<!--keyword-adj--><!--sefure-->に関して、ネットで<!--kyoki-->や<!--kyoki-->などの情報を目にしても、気にしないようにしてください。,<!--keyword-adj--><!--sefure-->を作る場合、<!--kyoki-->や<!--kyoki-->、<!--kyoki-->などは特に意識しなくて<!--sefure-->は作れます。,,,
,,,,,ch,的確な<!--how-to-sefure-->を参考にすれば、必ず<!--keyword-adj--><!--sefure-->は作れるので、安心してがんばってください。,この記事のやり方を正しく実行すれば<!--can-make-sefure-->ので心配無用です。,自分を信じて<!--making-sefure-->を頑張りましょう。,,,
,,,,,/p,,,,,,
,,/st,,,,,,,,,
,,st,,,,,,,,,
,,,,,h2,出会い系サイトなら<!--keyword2-h-->も<!--become-sefure-->,<!--keyword2-h--><!--be-sefure-->のも簡単でおすすめ,<!--keyword-l-->以外に<!--keyword2-h-->も<!--become-sefure-->,,,
,,,,,p,,,,,,
,,,,,ch,この記事では、<!--keyword-adj--><!--woman-->を<!--how-to-sefure-->をご紹介してきましたが、<!--keyword-l-->以外にも<!--keyword2-h--><!--be-sefure-->こともできます。,<!--keyword-l-->以外に、<!--keyword2-h-->も出会い系サイトで出会って<!--sefure-->にできます。,<!--keyword-adj--><!--woman-->を<!--sefure-->にしようとがんばっているところだと思いますが、<!--keyword2-h-->を<!--sefure-->にしてみるのもいいかもしれません。,,,
,,,,,ch,というか、<!--keyword-h-->よりも<!--keyword2-h--><!--be-sefure-->方が簡単かもしれません。,むしろ、<!--keyword2-h--><!--be-sefure-->方が<!--keyword-adj--><!--woman--><!--be-sefure-->よりも簡単です。,nodata,,,
,,,,,/p,,,,,,
,,,,,p,,,,,,
,,,,,ch,<!--making-sefure-->には<!--ya#2#運#タイミング#ya-->も少し作用します。,がんばれば誰でも<!--can-make-sefure-->とはいえ、実際のところ出会い系サイトで<!--make-sefure-->場合、<!--ya#2#運#タイミング#ya-->も関係してきます。,やり方を知ってさえいれば誰でも<!--can-make-sefure-->とはいえ、<!--ya#2#運#タイミング#ya-->の要素も若干あります。,,,
,,,,,ch,ですから、この記事の情報通りにがんばってもなかなか<!--keyword-adj--><!--sefure-->ができないこともあるかもしれません。,そのため、運悪くなかなか<!--sefure-->ができないということもなくはありません。,その結果、がんばってもいい<!--keyword-h-->と出会えないというケースも稀にあると思います。,,,
,,,,,ch,これは、仕方ないことです。,nodata,時の運は、どうしようもないですよね。,,,
,,,,,/p,,,,,,
,,,,,p,,,,,,
,,,,,ch,そんな時は、少し気分転換に出会いやすい<!--keyword2-h-->を<!--sefure-->にしてみるのもいいかもしれません。,そういう場合には、挫けてしまって<!--making-sefure-->をやめてしまうのではなく、<!--keyword2-h-->などにターゲットを変えてみるのもいいと思います。,しかし、そこで諦めてしまうのではなく、<!--keyword-adj--><!--woman-->にこだわるのを一旦中断して、気晴らしに<!--keyword2-h-->でも狙ってみてはいかがでしょう。,,,
,,,,,ch,その<!--keyword2-h-->を<!--sefure-->にして、メールの技術やセックスのテクニックを鍛えてることができます。,<!--keyword2-h--><!--be-sefure-->ことで、出会い系で出会うためのメールテクニックも向上しますし、前戯含めたセックスの技術も上がります。,気分を変えることで、運勢が好転してあっさりと<!--keyword2-h-->を<!--sefure-->にでき、さらに<!--keyword2-h--><!--be-sefure-->ことで<!--making-sefure-->の技術が確実に向上します。,,,
,,,,,ch,それで、改めて<!--keyword-adj--><!--woman-->を狙って<!--sefure-->にしましょう。,<!--keyword2-h-->で学習したテクニックを次に応用すれば、<!--keyword-adj--><!--sefure-->が作れるようになっているでしょう。,それで、今度は<!--keyword-adj--><!--sefure-->ができるようになるはずです。,,,
,,,,,/p,,,,,,
,,,,ch,,,,,,,
,,,,,,nodata,,,,,
,,,,,p,,,,,,
,,,,,ch,それに、<!--keyword2-h-->も魅力的で意外といいですよ！,まあ、<!--keyword2-h-->も魅力的なので、好みが変わってしまうこともあるかも知れませんが。,<!--keyword-adj--><!--sefure-->ももちろんいいですが、<!--keyword2-h-->もいいですよ。,,,
,,,,,/p,,,,,,
,,,,/ch,,,,,,,
,,/st,,,,,,,,,
,/st,,,,,,,,,,